[2026-06-02 04:56:12] local.ERROR: The dump process failed with a none successful exitcode.
Exitcode
========
2: Misuse of shell builtins

Output
======
<no output>

Error Output
============
mysqldump: Got error: 2004: "Can't create TCP/IP socket (10106)" when trying to connect
 {"userId":1,"exception":"[object] (Spatie\\Backup\\Exceptions\\BackupFailed(code: 0): The dump process failed with a none successful exitcode.
Exitcode
========
2: Misuse of shell builtins

Output
======
<no output>

Error Output
============
mysqldump: Got error: 2004: \"Can't create TCP/IP socket (10106)\" when trying to connect

 at C:/xampp/htdocs/highschool-finance/vendor/spatie/laravel-backup/src/Exceptions/BackupFailed.php:17)
[stacktrace]
#0 C:/xampp/htdocs/highschool-finance/vendor/spatie/laravel-backup/src/Tasks/Backup/BackupJob.php(186): Spatie/Backup/Exceptions/BackupFailed::from()
#1 C:/xampp/htdocs/highschool-finance/vendor/spatie/laravel-backup/src/Commands/BackupCommand.php(72): Spatie/Backup/Tasks/Backup/BackupJob->run()
#2 C:/xampp/htdocs/highschool-finance/vendor/laravel/framework/src/Illuminate/Container/BoundMethod.php(36): Spatie/Backup/Commands/BackupCommand->handle()
#3 C:/xampp/htdocs/highschool-finance/vendor/laravel/framework/src/Illuminate/Container/Util.php(43): Illuminate/Container/BoundMethod::{closure:Illuminate/Container/BoundMethod::call():35}()
#4 C:/xampp/htdocs/highschool-finance/vendor/laravel/framework/src/Illuminate/Container/BoundMethod.php(95): Illuminate/Container/Util::unwrapIfClosure()
#5 C:/xampp/htdocs/highschool-finance/vendor/laravel/framework/src/Illuminate/Container/BoundMethod.php(35): Illuminate/Container/BoundMethod::callBoundMethod()
#6 C:/xampp/htdocs/highschool-finance/vendor/laravel/framework/src/Illuminate/Container/Container.php(696): Illuminate/Container/BoundMethod::call()
#7 C:/xampp/htdocs/highschool-finance/vendor/laravel/framework/src/Illuminate/Console/Command.php(213): Illuminate/Container/Container->call()
#8 C:/xampp/htdocs/highschool-finance/vendor/symfony/console/Command/Command.php(341): Illuminate/Console/Command->execute()
#9 C:/xampp/htdocs/highschool-finance/vendor/laravel/framework/src/Illuminate/Console/Command.php(182): Symfony/Component/Console/Command/Command->run()
#10 C:/xampp/htdocs/highschool-finance/vendor/spatie/laravel-backup/src/Commands/BaseCommand.php(29): Illuminate/Console/Command->run()
#11 C:/xampp/htdocs/highschool-finance/vendor/symfony/console/Application.php(1117): Spatie/Backup/Commands/BaseCommand->run()
#12 C:/xampp/htdocs/highschool-finance/vendor/symfony/console/Application.php(356): Symfony/Component/Console/Application->doRunCommand()
#13 C:/xampp/htdocs/highschool-finance/vendor/symfony/console/Application.php(195): Symfony/Component/Console/Application->doRun()
#14 C:/xampp/htdocs/highschool-finance/vendor/laravel/framework/src/Illuminate/Console/Application.php(166): Symfony/Component/Console/Application->run()
#15 C:/xampp/htdocs/highschool-finance/vendor/laravel/framework/src/Illuminate/Foundation/Console/Kernel.php(427): Illuminate/Console/Application->call()
#16 C:/xampp/htdocs/highschool-finance/vendor/laravel/framework/src/Illuminate/Support/Facades/Facade.php(361): Illuminate/Foundation/Console/Kernel->call()
#17 C:/xampp/htdocs/highschool-finance/app/Http/Controllers/BackupController.php(17): Illuminate/Support/Facades/Facade::__callStatic()
#18 C:/xampp/htdocs/highschool-finance/vendor/laravel/framework/src/Illuminate/Routing/Controller.php(54): App/Http/Controllers/BackupController->run()
#19 C:/xampp/htdocs/highschool-finance/vendor/laravel/framework/src/Illuminate/Routing/ControllerDispatcher.php(44): Illuminate/Routing/Controller->callAction()
#20 C:/xampp/htdocs/highschool-finance/vendor/laravel/framework/src/Illuminate/Routing/Route.php(266): Illuminate/Routing/ControllerDispatcher->dispatch()
#21 C:/xampp/htdocs/highschool-finance/vendor/laravel/framework/src/Illuminate/Routing/Route.php(212): Illuminate/Routing/Route->runController()
#22 C:/xampp/htdocs/highschool-finance/vendor/laravel/framework/src/Illuminate/Routing/Router.php(808): Illuminate/Routing/Route->run()
#23 C:/xampp/htdocs/highschool-finance/vendor/laravel/framework/src/Illuminate/Pipeline/Pipeline.php(170): Illuminate/Routing/Router->{closure:Illuminate/Routing/Router::runRouteWithinStack():807}()
#24 C:/xampp/htdocs/highschool-finance/vendor/spatie/laravel-permission/src/Middleware/PermissionMiddleware.php(37): Illuminate/Pipeline/Pipeline->{closure:Illuminate/Pipeline/Pipeline::prepareDestination():168}()
#25 C:/xampp/htdocs/highschool-finance/vendor/laravel/framework/src/Illuminate/Pipeline/Pipeline.php(209): Spatie/Permission/Middleware/PermissionMiddleware->handle()
#26 C:/xampp/htdocs/highschool-finance/vendor/laravel/framework/src/Illuminate/Auth/Middleware/EnsureEmailIsVerified.php(41): Illuminate/Pipeline/Pipeline->{closure:{closure:Illuminate/Pipeline/Pipeline::carry():184}:185}()
#27 C:/xampp/htdocs/highschool-finance/vendor/laravel/framework/src/Illuminate/Pipeline/Pipeline.php(209): Illuminate/Auth/Middleware/EnsureEmailIsVerified->handle()
#28 C:/xampp/htdocs/highschool-finance/vendor/laravel/framework/src/Illuminate/Routing/Middleware/SubstituteBindings.php(51): Illuminate/Pipeline/Pipeline->{closure:{closure:Illuminate/Pipeline/Pipeline::carry():184}:185}()
#29 C:/xampp/htdocs/highschool-finance/vendor/laravel/framework/src/Illuminate/Pipeline/Pipeline.php(209): Illuminate/Routing/Middleware/SubstituteBindings->handle()
#30 C:/xampp/htdocs/highschool-finance/vendor/laravel/framework/src/Illuminate/Auth/Middleware/Authenticate.php(64): Illuminate/Pipeline/Pipeline->{closure:{closure:Illuminate/Pipeline/Pipeline::carry():184}:185}()
#31 C:/xampp/htdocs/highschool-finance/vendor/laravel/framework/src/Illuminate/Pipeline/Pipeline.php(209): Illuminate/Auth/Middleware/Authenticate->handle()
#32 C:/xampp/htdocs/highschool-finance/vendor/laravel/framework/src/Illuminate/Foundation/Http/Middleware/VerifyCsrfToken.php(88): Illuminate/Pipeline/Pipeline->{closure:{closure:Illuminate/Pipeline/Pipeline::carry():184}:185}()
#33 C:/xampp/htdocs/highschool-finance/vendor/laravel/framework/src/Illuminate/Pipeline/Pipeline.php(209): Illuminate/Foundation/Http/Middleware/VerifyCsrfToken->handle()
#34 C:/xampp/htdocs/highschool-finance/vendor/laravel/framework/src/Illuminate/View/Middleware/ShareErrorsFromSession.php(49): Illuminate/Pipeline/Pipeline->{closure:{closure:Illuminate/Pipeline/Pipeline::carry():184}:185}()
#35 C:/xampp/htdocs/highschool-finance/vendor/laravel/framework/src/Illuminate/Pipeline/Pipeline.php(209): Illuminate/View/Middleware/ShareErrorsFromSession->handle()
#36 C:/xampp/htdocs/highschool-finance/vendor/laravel/framework/src/Illuminate/Session/Middleware/StartSession.php(121): Illuminate/Pipeline/Pipeline->{closure:{closure:Illuminate/Pipeline/Pipeline::carry():184}:185}()
#37 C:/xampp/htdocs/highschool-finance/vendor/laravel/framework/src/Illuminate/Session/Middleware/StartSession.php(64): Illuminate/Session/Middleware/StartSession->handleStatefulRequest()
#38 C:/xampp/htdocs/highschool-finance/vendor/laravel/framework/src/Illuminate/Pipeline/Pipeline.php(209): Illuminate/Session/Middleware/StartSession->handle()
#39 C:/xampp/htdocs/highschool-finance/vendor/laravel/framework/src/Illuminate/Cookie/Middleware/AddQueuedCookiesToResponse.php(37): Illuminate/Pipeline/Pipeline->{closure:{closure:Illuminate/Pipeline/Pipeline::carry():184}:185}()
#40 C:/xampp/htdocs/highschool-finance/vendor/laravel/framework/src/Illuminate/Pipeline/Pipeline.php(209): Illuminate/Cookie/Middleware/AddQueuedCookiesToResponse->handle()
#41 C:/xampp/htdocs/highschool-finance/vendor/laravel/framework/src/Illuminate/Cookie/Middleware/EncryptCookies.php(75): Illuminate/Pipeline/Pipeline->{closure:{closure:Illuminate/Pipeline/Pipeline::carry():184}:185}()
#42 C:/xampp/htdocs/highschool-finance/vendor/laravel/framework/src/Illuminate/Pipeline/Pipeline.php(209): Illuminate/Cookie/Middleware/EncryptCookies->handle()
#43 C:/xampp/htdocs/highschool-finance/vendor/laravel/framework/src/Illuminate/Pipeline/Pipeline.php(127): Illuminate/Pipeline/Pipeline->{closure:{closure:Illuminate/Pipeline/Pipeline::carry():184}:185}()
#44 C:/xampp/htdocs/highschool-finance/vendor/laravel/framework/src/Illuminate/Routing/Router.php(807): Illuminate/Pipeline/Pipeline->then()
#45 C:/xampp/htdocs/highschool-finance/vendor/laravel/framework/src/Illuminate/Routing/Router.php(786): Illuminate/Routing/Router->runRouteWithinStack()
#46 C:/xampp/htdocs/highschool-finance/vendor/laravel/framework/src/Illuminate/Routing/Router.php(750): Illuminate/Routing/Router->runRoute()
#47 C:/xampp/htdocs/highschool-finance/vendor/laravel/framework/src/Illuminate/Routing/Router.php(739): Illuminate/Routing/Router->dispatchToRoute()
#48 C:/xampp/htdocs/highschool-finance/vendor/laravel/framework/src/Illuminate/Foundation/Http/Kernel.php(201): Illuminate/Routing/Router->dispatch()
#49 C:/xampp/htdocs/highschool-finance/vendor/laravel/framework/src/Illuminate/Pipeline/Pipeline.php(170): Illuminate/Foundation/Http/Kernel->{closure:Illuminate/Foundation/Http/Kernel::dispatchToRouter():198}()
#50 C:/xampp/htdocs/highschool-finance/vendor/laravel/framework/src/Illuminate/Foundation/Http/Middleware/TransformsRequest.php(21): Illuminate/Pipeline/Pipeline->{closure:Illuminate/Pipeline/Pipeline::prepareDestination():168}()
#51 C:/xampp/htdocs/highschool-finance/vendor/laravel/framework/src/Illuminate/Foundation/Http/Middleware/ConvertEmptyStringsToNull.php(31): Illuminate/Foundation/Http/Middleware/TransformsRequest->handle()
#52 C:/xampp/htdocs/highschool-finance/vendor/laravel/framework/src/Illuminate/Pipeline/Pipeline.php(209): Illuminate/Foundation/Http/Middleware/ConvertEmptyStringsToNull->handle()
#53 C:/xampp/htdocs/highschool-finance/vendor/laravel/framework/src/Illuminate/Foundation/Http/Middleware/TransformsRequest.php(21): Illuminate/Pipeline/Pipeline->{closure:{closure:Illuminate/Pipeline/Pipeline::carry():184}:185}()
#54 C:/xampp/htdocs/highschool-finance/vendor/laravel/framework/src/Illuminate/Foundation/Http/Middleware/TrimStrings.php(51): Illuminate/Foundation/Http/Middleware/TransformsRequest->handle()
#55 C:/xampp/htdocs/highschool-finance/vendor/laravel/framework/src/Illuminate/Pipeline/Pipeline.php(209): Illuminate/Foundation/Http/Middleware/TrimStrings->handle()
#56 C:/xampp/htdocs/highschool-finance/vendor/laravel/framework/src/Illuminate/Http/Middleware/ValidatePostSize.php(27): Illuminate/Pipeline/Pipeline->{closure:{closure:Illuminate/Pipeline/Pipeline::carry():184}:185}()
#57 C:/xampp/htdocs/highschool-finance/vendor/laravel/framework/src/Illuminate/Pipeline/Pipeline.php(209): Illuminate/Http/Middleware/ValidatePostSize->handle()
#58 C:/xampp/htdocs/highschool-finance/vendor/laravel/framework/src/Illuminate/Foundation/Http/Middleware/PreventRequestsDuringMaintenance.php(110): Illuminate/Pipeline/Pipeline->{closure:{closure:Illuminate/Pipeline/Pipeline::carry():184}:185}()
#59 C:/xampp/htdocs/highschool-finance/vendor/laravel/framework/src/Illuminate/Pipeline/Pipeline.php(209): Illuminate/Foundation/Http/Middleware/PreventRequestsDuringMaintenance->handle()
#60 C:/xampp/htdocs/highschool-finance/vendor/laravel/framework/src/Illuminate/Http/Middleware/HandleCors.php(49): Illuminate/Pipeline/Pipeline->{closure:{closure:Illuminate/Pipeline/Pipeline::carry():184}:185}()
#61 C:/xampp/htdocs/highschool-finance/vendor/laravel/framework/src/Illuminate/Pipeline/Pipeline.php(209): Illuminate/Http/Middleware/HandleCors->handle()
#62 C:/xampp/htdocs/highschool-finance/vendor/laravel/framework/src/Illuminate/Http/Middleware/TrustProxies.php(58): Illuminate/Pipeline/Pipeline->{closure:{closure:Illuminate/Pipeline/Pipeline::carry():184}:185}()
#63 C:/xampp/htdocs/highschool-finance/vendor/laravel/framework/src/Illuminate/Pipeline/Pipeline.php(209): Illuminate/Http/Middleware/TrustProxies->handle()
#64 C:/xampp/htdocs/highschool-finance/vendor/laravel/framework/src/Illuminate/Foundation/Http/Middleware/InvokeDeferredCallbacks.php(22): Illuminate/Pipeline/Pipeline->{closure:{closure:Illuminate/Pipeline/Pipeline::carry():184}:185}()
#65 C:/xampp/htdocs/highschool-finance/vendor/laravel/framework/src/Illuminate/Pipeline/Pipeline.php(209): Illuminate/Foundation/Http/Middleware/InvokeDeferredCallbacks->handle()
#66 C:/xampp/htdocs/highschool-finance/vendor/laravel/framework/src/Illuminate/Pipeline/Pipeline.php(127): Illuminate/Pipeline/Pipeline->{closure:{closure:Illuminate/Pipeline/Pipeline::carry():184}:185}()
#67 C:/xampp/htdocs/highschool-finance/vendor/laravel/framework/src/Illuminate/Foundation/Http/Kernel.php(176): Illuminate/Pipeline/Pipeline->then()
#68 C:/xampp/htdocs/highschool-finance/vendor/laravel/framework/src/Illuminate/Foundation/Http/Kernel.php(145): Illuminate/Foundation/Http/Kernel->sendRequestThroughRouter()
#69 C:/xampp/htdocs/highschool-finance/vendor/laravel/framework/src/Illuminate/Foundation/Application.php(1220): Illuminate/Foundation/Http/Kernel->handle()
#70 C:/xampp/htdocs/highschool-finance/public/index.php(17): Illuminate/Foundation/Application->handleRequest()
#71 C:/xampp/htdocs/highschool-finance/vendor/laravel/framework/src/Illuminate/Foundation/resources/server.php(23): require_once('...')
#72 {main}

[previous exception] [object] (Spatie\\DbDumper\\Exceptions\\DumpFailed(code: 0): The dump process failed with a none successful exitcode.
Exitcode
========
2: Misuse of shell builtins

Output
======
<no output>

Error Output
============
mysqldump: Got error: 2004: \"Can't create TCP/IP socket (10106)\" when trying to connect

 at C:/xampp/htdocs/highschool-finance/vendor/spatie/db-dumper/src/Exceptions/DumpFailed.php:14)
[stacktrace]
#0 C:/xampp/htdocs/highschool-finance/vendor/spatie/db-dumper/src/DbDumper.php(200): Spatie/DbDumper/Exceptions/DumpFailed::processDidNotEndSuccessfully()
#1 C:/xampp/htdocs/highschool-finance/vendor/spatie/db-dumper/src/Databases/MySql.php(189): Spatie/DbDumper/DbDumper->checkIfDumpWasSuccessFul()
#2 C:/xampp/htdocs/highschool-finance/vendor/spatie/laravel-backup/src/Tasks/Backup/BackupJob.php(289): Spatie/DbDumper/Databases/MySql->dumpToFile()
#3 [internal function]: Spatie/Backup/Tasks/Backup/BackupJob->{closure:Spatie/Backup/Tasks/Backup/BackupJob::dumpDatabases():259}()
#4 C:/xampp/htdocs/highschool-finance/vendor/laravel/framework/src/Illuminate/Collections/Arr.php(609): array_map()
#5 C:/xampp/htdocs/highschool-finance/vendor/laravel/framework/src/Illuminate/Collections/Collection.php(799): Illuminate/Support/Arr::map()
#6 C:/xampp/htdocs/highschool-finance/vendor/spatie/laravel-backup/src/Tasks/Backup/BackupJob.php(259): Illuminate/Support/Collection->map()
#7 C:/xampp/htdocs/highschool-finance/vendor/spatie/laravel-backup/src/Tasks/Backup/BackupJob.php(198): Spatie/Backup/Tasks/Backup/BackupJob->dumpDatabases()
#8 C:/xampp/htdocs/highschool-finance/vendor/spatie/laravel-backup/src/Tasks/Backup/BackupJob.php(172): Spatie/Backup/Tasks/Backup/BackupJob->createBackupManifest()
#9 C:/xampp/htdocs/highschool-finance/vendor/spatie/laravel-backup/src/Commands/BackupCommand.php(72): Spatie/Backup/Tasks/Backup/BackupJob->run()
#10 C:/xampp/htdocs/highschool-finance/vendor/laravel/framework/src/Illuminate/Container/BoundMethod.php(36): Spatie/Backup/Commands/BackupCommand->handle()
#11 C:/xampp/htdocs/highschool-finance/vendor/laravel/framework/src/Illuminate/Container/Util.php(43): Illuminate/Container/BoundMethod::{closure:Illuminate/Container/BoundMethod::call():35}()
#12 C:/xampp/htdocs/highschool-finance/vendor/laravel/framework/src/Illuminate/Container/BoundMethod.php(95): Illuminate/Container/Util::unwrapIfClosure()
#13 C:/xampp/htdocs/highschool-finance/vendor/laravel/framework/src/Illuminate/Container/BoundMethod.php(35): Illuminate/Container/BoundMethod::callBoundMethod()
#14 C:/xampp/htdocs/highschool-finance/vendor/laravel/framework/src/Illuminate/Container/Container.php(696): Illuminate/Container/BoundMethod::call()
#15 C:/xampp/htdocs/highschool-finance/vendor/laravel/framework/src/Illuminate/Console/Command.php(213): Illuminate/Container/Container->call()
#16 C:/xampp/htdocs/highschool-finance/vendor/symfony/console/Command/Command.php(341): Illuminate/Console/Command->execute()
#17 C:/xampp/htdocs/highschool-finance/vendor/laravel/framework/src/Illuminate/Console/Command.php(182): Symfony/Component/Console/Command/Command->run()
#18 C:/xampp/htdocs/highschool-finance/vendor/spatie/laravel-backup/src/Commands/BaseCommand.php(29): Illuminate/Console/Command->run()
#19 C:/xampp/htdocs/highschool-finance/vendor/symfony/console/Application.php(1117): Spatie/Backup/Commands/BaseCommand->run()
#20 C:/xampp/htdocs/highschool-finance/vendor/symfony/console/Application.php(356): Symfony/Component/Console/Application->doRunCommand()
#21 C:/xampp/htdocs/highschool-finance/vendor/symfony/console/Application.php(195): Symfony/Component/Console/Application->doRun()
#22 C:/xampp/htdocs/highschool-finance/vendor/laravel/framework/src/Illuminate/Console/Application.php(166): Symfony/Component/Console/Application->run()
#23 C:/xampp/htdocs/highschool-finance/vendor/laravel/framework/src/Illuminate/Foundation/Console/Kernel.php(427): Illuminate/Console/Application->call()
#24 C:/xampp/htdocs/highschool-finance/vendor/laravel/framework/src/Illuminate/Support/Facades/Facade.php(361): Illuminate/Foundation/Console/Kernel->call()
#25 C:/xampp/htdocs/highschool-finance/app/Http/Controllers/BackupController.php(17): Illuminate/Support/Facades/Facade::__callStatic()
#26 C:/xampp/htdocs/highschool-finance/vendor/laravel/framework/src/Illuminate/Routing/Controller.php(54): App/Http/Controllers/BackupController->run()
#27 C:/xampp/htdocs/highschool-finance/vendor/laravel/framework/src/Illuminate/Routing/ControllerDispatcher.php(44): Illuminate/Routing/Controller->callAction()
#28 C:/xampp/htdocs/highschool-finance/vendor/laravel/framework/src/Illuminate/Routing/Route.php(266): Illuminate/Routing/ControllerDispatcher->dispatch()
#29 C:/xampp/htdocs/highschool-finance/vendor/laravel/framework/src/Illuminate/Routing/Route.php(212): Illuminate/Routing/Route->runController()
#30 C:/xampp/htdocs/highschool-finance/vendor/laravel/framework/src/Illuminate/Routing/Router.php(808): Illuminate/Routing/Route->run()
#31 C:/xampp/htdocs/highschool-finance/vendor/laravel/framework/src/Illuminate/Pipeline/Pipeline.php(170): Illuminate/Routing/Router->{closure:Illuminate/Routing/Router::runRouteWithinStack():807}()
#32 C:/xampp/htdocs/highschool-finance/vendor/spatie/laravel-permission/src/Middleware/PermissionMiddleware.php(37): Illuminate/Pipeline/Pipeline->{closure:Illuminate/Pipeline/Pipeline::prepareDestination():168}()
#33 C:/xampp/htdocs/highschool-finance/vendor/laravel/framework/src/Illuminate/Pipeline/Pipeline.php(209): Spatie/Permission/Middleware/PermissionMiddleware->handle()
#34 C:/xampp/htdocs/highschool-finance/vendor/laravel/framework/src/Illuminate/Auth/Middleware/EnsureEmailIsVerified.php(41): Illuminate/Pipeline/Pipeline->{closure:{closure:Illuminate/Pipeline/Pipeline::carry():184}:185}()
#35 C:/xampp/htdocs/highschool-finance/vendor/laravel/framework/src/Illuminate/Pipeline/Pipeline.php(209): Illuminate/Auth/Middleware/EnsureEmailIsVerified->handle()
#36 C:/xampp/htdocs/highschool-finance/vendor/laravel/framework/src/Illuminate/Routing/Middleware/SubstituteBindings.php(51): Illuminate/Pipeline/Pipeline->{closure:{closure:Illuminate/Pipeline/Pipeline::carry():184}:185}()
#37 C:/xampp/htdocs/highschool-finance/vendor/laravel/framework/src/Illuminate/Pipeline/Pipeline.php(209): Illuminate/Routing/Middleware/SubstituteBindings->handle()
#38 C:/xampp/htdocs/highschool-finance/vendor/laravel/framework/src/Illuminate/Auth/Middleware/Authenticate.php(64): Illuminate/Pipeline/Pipeline->{closure:{closure:Illuminate/Pipeline/Pipeline::carry():184}:185}()
#39 C:/xampp/htdocs/highschool-finance/vendor/laravel/framework/src/Illuminate/Pipeline/Pipeline.php(209): Illuminate/Auth/Middleware/Authenticate->handle()
#40 C:/xampp/htdocs/highschool-finance/vendor/laravel/framework/src/Illuminate/Foundation/Http/Middleware/VerifyCsrfToken.php(88): Illuminate/Pipeline/Pipeline->{closure:{closure:Illuminate/Pipeline/Pipeline::carry():184}:185}()
#41 C:/xampp/htdocs/highschool-finance/vendor/laravel/framework/src/Illuminate/Pipeline/Pipeline.php(209): Illuminate/Foundation/Http/Middleware/VerifyCsrfToken->handle()
#42 C:/xampp/htdocs/highschool-finance/vendor/laravel/framework/src/Illuminate/View/Middleware/ShareErrorsFromSession.php(49): Illuminate/Pipeline/Pipeline->{closure:{closure:Illuminate/Pipeline/Pipeline::carry():184}:185}()
#43 C:/xampp/htdocs/highschool-finance/vendor/laravel/framework/src/Illuminate/Pipeline/Pipeline.php(209): Illuminate/View/Middleware/ShareErrorsFromSession->handle()
#44 C:/xampp/htdocs/highschool-finance/vendor/laravel/framework/src/Illuminate/Session/Middleware/StartSession.php(121): Illuminate/Pipeline/Pipeline->{closure:{closure:Illuminate/Pipeline/Pipeline::carry():184}:185}()
#45 C:/xampp/htdocs/highschool-finance/vendor/laravel/framework/src/Illuminate/Session/Middleware/StartSession.php(64): Illuminate/Session/Middleware/StartSession->handleStatefulRequest()
#46 C:/xampp/htdocs/highschool-finance/vendor/laravel/framework/src/Illuminate/Pipeline/Pipeline.php(209): Illuminate/Session/Middleware/StartSession->handle()
#47 C:/xampp/htdocs/highschool-finance/vendor/laravel/framework/src/Illuminate/Cookie/Middleware/AddQueuedCookiesToResponse.php(37): Illuminate/Pipeline/Pipeline->{closure:{closure:Illuminate/Pipeline/Pipeline::carry():184}:185}()
#48 C:/xampp/htdocs/highschool-finance/vendor/laravel/framework/src/Illuminate/Pipeline/Pipeline.php(209): Illuminate/Cookie/Middleware/AddQueuedCookiesToResponse->handle()
#49 C:/xampp/htdocs/highschool-finance/vendor/laravel/framework/src/Illuminate/Cookie/Middleware/EncryptCookies.php(75): Illuminate/Pipeline/Pipeline->{closure:{closure:Illuminate/Pipeline/Pipeline::carry():184}:185}()
#50 C:/xampp/htdocs/highschool-finance/vendor/laravel/framework/src/Illuminate/Pipeline/Pipeline.php(209): Illuminate/Cookie/Middleware/EncryptCookies->handle()
#51 C:/xampp/htdocs/highschool-finance/vendor/laravel/framework/src/Illuminate/Pipeline/Pipeline.php(127): Illuminate/Pipeline/Pipeline->{closure:{closure:Illuminate/Pipeline/Pipeline::carry():184}:185}()
#52 C:/xampp/htdocs/highschool-finance/vendor/laravel/framework/src/Illuminate/Routing/Router.php(807): Illuminate/Pipeline/Pipeline->then()
#53 C:/xampp/htdocs/highschool-finance/vendor/laravel/framework/src/Illuminate/Routing/Router.php(786): Illuminate/Routing/Router->runRouteWithinStack()
#54 C:/xampp/htdocs/highschool-finance/vendor/laravel/framework/src/Illuminate/Routing/Router.php(750): Illuminate/Routing/Router->runRoute()
#55 C:/xampp/htdocs/highschool-finance/vendor/laravel/framework/src/Illuminate/Routing/Router.php(739): Illuminate/Routing/Router->dispatchToRoute()
#56 C:/xampp/htdocs/highschool-finance/vendor/laravel/framework/src/Illuminate/Foundation/Http/Kernel.php(201): Illuminate/Routing/Router->dispatch()
#57 C:/xampp/htdocs/highschool-finance/vendor/laravel/framework/src/Illuminate/Pipeline/Pipeline.php(170): Illuminate/Foundation/Http/Kernel->{closure:Illuminate/Foundation/Http/Kernel::dispatchToRouter():198}()
#58 C:/xampp/htdocs/highschool-finance/vendor/laravel/framework/src/Illuminate/Foundation/Http/Middleware/TransformsRequest.php(21): Illuminate/Pipeline/Pipeline->{closure:Illuminate/Pipeline/Pipeline::prepareDestination():168}()
#59 C:/xampp/htdocs/highschool-finance/vendor/laravel/framework/src/Illuminate/Foundation/Http/Middleware/ConvertEmptyStringsToNull.php(31): Illuminate/Foundation/Http/Middleware/TransformsRequest->handle()
#60 C:/xampp/htdocs/highschool-finance/vendor/laravel/framework/src/Illuminate/Pipeline/Pipeline.php(209): Illuminate/Foundation/Http/Middleware/ConvertEmptyStringsToNull->handle()
#61 C:/xampp/htdocs/highschool-finance/vendor/laravel/framework/src/Illuminate/Foundation/Http/Middleware/TransformsRequest.php(21): Illuminate/Pipeline/Pipeline->{closure:{closure:Illuminate/Pipeline/Pipeline::carry():184}:185}()
#62 C:/xampp/htdocs/highschool-finance/vendor/laravel/framework/src/Illuminate/Foundation/Http/Middleware/TrimStrings.php(51): Illuminate/Foundation/Http/Middleware/TransformsRequest->handle()
#63 C:/xampp/htdocs/highschool-finance/vendor/laravel/framework/src/Illuminate/Pipeline/Pipeline.php(209): Illuminate/Foundation/Http/Middleware/TrimStrings->handle()
#64 C:/xampp/htdocs/highschool-finance/vendor/laravel/framework/src/Illuminate/Http/Middleware/ValidatePostSize.php(27): Illuminate/Pipeline/Pipeline->{closure:{closure:Illuminate/Pipeline/Pipeline::carry():184}:185}()
#65 C:/xampp/htdocs/highschool-finance/vendor/laravel/framework/src/Illuminate/Pipeline/Pipeline.php(209): Illuminate/Http/Middleware/ValidatePostSize->handle()
#66 C:/xampp/htdocs/highschool-finance/vendor/laravel/framework/src/Illuminate/Foundation/Http/Middleware/PreventRequestsDuringMaintenance.php(110): Illuminate/Pipeline/Pipeline->{closure:{closure:Illuminate/Pipeline/Pipeline::carry():184}:185}()
#67 C:/xampp/htdocs/highschool-finance/vendor/laravel/framework/src/Illuminate/Pipeline/Pipeline.php(209): Illuminate/Foundation/Http/Middleware/PreventRequestsDuringMaintenance->handle()
#68 C:/xampp/htdocs/highschool-finance/vendor/laravel/framework/src/Illuminate/Http/Middleware/HandleCors.php(49): Illuminate/Pipeline/Pipeline->{closure:{closure:Illuminate/Pipeline/Pipeline::carry():184}:185}()
#69 C:/xampp/htdocs/highschool-finance/vendor/laravel/framework/src/Illuminate/Pipeline/Pipeline.php(209): Illuminate/Http/Middleware/HandleCors->handle()
#70 C:/xampp/htdocs/highschool-finance/vendor/laravel/framework/src/Illuminate/Http/Middleware/TrustProxies.php(58): Illuminate/Pipeline/Pipeline->{closure:{closure:Illuminate/Pipeline/Pipeline::carry():184}:185}()
#71 C:/xampp/htdocs/highschool-finance/vendor/laravel/framework/src/Illuminate/Pipeline/Pipeline.php(209): Illuminate/Http/Middleware/TrustProxies->handle()
#72 C:/xampp/htdocs/highschool-finance/vendor/laravel/framework/src/Illuminate/Foundation/Http/Middleware/InvokeDeferredCallbacks.php(22): Illuminate/Pipeline/Pipeline->{closure:{closure:Illuminate/Pipeline/Pipeline::carry():184}:185}()
#73 C:/xampp/htdocs/highschool-finance/vendor/laravel/framework/src/Illuminate/Pipeline/Pipeline.php(209): Illuminate/Foundation/Http/Middleware/InvokeDeferredCallbacks->handle()
#74 C:/xampp/htdocs/highschool-finance/vendor/laravel/framework/src/Illuminate/Pipeline/Pipeline.php(127): Illuminate/Pipeline/Pipeline->{closure:{closure:Illuminate/Pipeline/Pipeline::carry():184}:185}()
#75 C:/xampp/htdocs/highschool-finance/vendor/laravel/framework/src/Illuminate/Foundation/Http/Kernel.php(176): Illuminate/Pipeline/Pipeline->then()
#76 C:/xampp/htdocs/highschool-finance/vendor/laravel/framework/src/Illuminate/Foundation/Http/Kernel.php(145): Illuminate/Foundation/Http/Kernel->sendRequestThroughRouter()
#77 C:/xampp/htdocs/highschool-finance/vendor/laravel/framework/src/Illuminate/Foundation/Application.php(1220): Illuminate/Foundation/Http/Kernel->handle()
#78 C:/xampp/htdocs/highschool-finance/public/index.php(17): Illuminate/Foundation/Application->handleRequest()
#79 C:/xampp/htdocs/highschool-finance/vendor/laravel/framework/src/Illuminate/Foundation/resources/server.php(23): require_once('...')
#80 {main}
"} 
[2026-06-02 04:56:13] local.DEBUG: From: School Finance System <hello@example.com>
To: your@example.com
Subject: Failed backup of School Finance System (local)
MIME-Version: 1.0
Date: Tue, 02 Jun 2026 04:56:13 +0000
Message-ID: <a495535d9980ba33a18042e70185b050@example.com>
Content-Type: multipart/alternative; boundary=CVqtbYAy

--CVqtbYAy
Content-Type: text/plain; charset=utf-8
Content-Transfer-Encoding: quoted-printable

School Finance System: http://127.0.0.1:8000

# Whoops!

Important: An error occurred while backing up School Finance System (local)

Exception message: The dump process failed with a none successful exitcode. Exitcode ======== 2: Misuse of shell builtins  Output ====== <no output>  Error Output ============ mysqldump: Got error: 2004: "Can't create TCP/IP socket (10106)" when trying to connect

Exception trace: #0 C:\xampp\htdocs\highschool-finance\vendor\spatie\db-dumper\src\DbDumper.php(200): Spatie\DbDumper\Exceptions\DumpFailed::processDidNotEndSuccessfully() #1 C:\xampp\htdocs\highschool-finance\vendor\spatie\db-dumper\src\Databases\MySql.php(189): Spatie\DbDumper\DbDumper->checkIfDumpWasSuccessFul() #2 C:\xampp\htdocs\highschool-finance\vendor\spatie\laravel-backup\src\Tasks\Backup\BackupJob.php(289): Spatie\DbDumper\Databases\MySql->dumpToFile() #3 [internal function]: Spatie\Backup\Tasks\Backup\BackupJob->{closure:Spatie\Backup\Tasks\Backup\BackupJob::dumpDatabases():259}() #4 C:\xampp\htdocs\highschool-finance\vendor\laravel\framework\src\Illuminate\Collections\Arr.php(609): array_map() #5 C:\xampp\htdocs\highschool-finance\vendor\laravel\framework\src\Illuminate\Collections\Collection.php(799): Illuminate\Support\Arr::map() #6 C:\xampp\htdocs\highschool-finance\vendor\spatie\laravel-backup\src\Tasks\Backup\BackupJob.php(259): Illuminate\Support\Collection->map() #7 C:\xampp\htdocs\highschool-finance\vendor\spatie\laravel-backup\src\Tasks\Backup\BackupJob.php(198): Spatie\Backup\Tasks\Backup\BackupJob->dumpDatabases() #8 C:\xampp\htdocs\highschool-finance\vendor\spatie\laravel-backup\src\Tasks\Backup\BackupJob.php(172): Spatie\Backup\Tasks\Backup\BackupJob->createBackupManifest() #9 C:\xampp\htdocs\highschool-finance\vendor\spatie\laravel-backup\src\Commands\BackupCommand.php(72): Spatie\Backup\Tasks\Backup\BackupJob->run() #10 C:\xampp\htdocs\highschool-finance\vendor\laravel\framework\src\Illuminate\Container\BoundMethod.php(36): Spatie\Backup\Commands\BackupCommand->handle() #11 C:\xampp\htdocs\highschool-finance\vendor\laravel\framework\src\Illuminate\Container\Util.php(43): Illuminate\Container\BoundMethod::{closure:Illuminate\Container\BoundMethod::call():35}() #12 C:\xampp\htdocs\highschool-finance\vendor\laravel\framework\src\Illuminate\Container\BoundMethod.php(95): Illuminate\Container\Util::unwrapIfClosure() #13 C:\xampp\htdocs\highschool-finance\vendor\laravel\framework\src\Illuminate\Container\BoundMethod.php(35): Illuminate\Container\BoundMethod::callBoundMethod() #14 C:\xampp\htdocs\highschool-finance\vendor\laravel\framework\src\Illuminate\Container\Container.php(696): Illuminate\Container\BoundMethod::call() #15 C:\xampp\htdocs\highschool-finance\vendor\laravel\framework\src\Illuminate\Console\Command.php(213): Illuminate\Container\Container->call() #16 C:\xampp\htdocs\highschool-finance\vendor\symfony\console\Command\Command.php(341): Illuminate\Console\Command->execute() #17 C:\xampp\htdocs\highschool-finance\vendor\laravel\framework\src\Illuminate\Console\Command.php(182): Symfony\Component\Console\Command\Command->run() #18 C:\xampp\htdocs\highschool-finance\vendor\spatie\laravel-backup\src\Commands\BaseCommand.php(29): Illuminate\Console\Command->run() #19 C:\xampp\htdocs\highschool-finance\vendor\symfony\console\Application.php(1117): Spatie\Backup\Commands\BaseCommand->run() #20 C:\xampp\htdocs\highschool-finance\vendor\symfony\console\Application.php(356): Symfony\Component\Console\Application->doRunCommand() #21 C:\xampp\htdocs\highschool-finance\vendor\symfony\console\Application.php(195): Symfony\Component\Console\Application->doRun() #22 C:\xampp\htdocs\highschool-finance\vendor\laravel\framework\src\Illuminate\Console\Application.php(166): Symfony\Component\Console\Application->run() #23 C:\xampp\htdocs\highschool-finance\vendor\laravel\framework\src\Illuminate\Foundation\Console\Kernel.php(427): Illuminate\Console\Application->call() #24 C:\xampp\htdocs\highschool-finance\vendor\laravel\framework\src\Illuminate\Support\Facades\Facade.php(361): Illuminate\Foundation\Console\Kernel->call() #25 C:\xampp\htdocs\highschool-finance\app\Http\Controllers\BackupController.php(17): Illuminate\Support\Facades\Facade::__callStatic() #26 C:\xampp\htdocs\highschool-finance\vendor\laravel\framework\src\Illuminate\Routing\Controller.php(54): App\Http\Controllers\BackupController->run() #27 C:\xampp\htdocs\highschool-finance\vendor\laravel\framework\src\Illuminate\Routing\ControllerDispatcher.php(44): Illuminate\Routing\Controller->callAction() #28 C:\xampp\htdocs\highschool-finance\vendor\laravel\framework\src\Illuminate\Routing\Route.php(266): Illuminate\Routing\ControllerDispatcher->dispatch() #29 C:\xampp\htdocs\highschool-finance\vendor\laravel\framework\src\Illuminate\Routing\Route.php(212): Illuminate\Routing\Route->runController() #30 C:\xampp\htdocs\highschool-finance\vendor\laravel\framework\src\Illuminate\Routing\Router.php(808): Illuminate\Routing\Route->run() #31 C:\xampp\htdocs\highschool-finance\vendor\laravel\framework\src\Illuminate\Pipeline\Pipeline.php(170): Illuminate\Routing\Router->{closure:Illuminate\Routing\Router::runRouteWithinStack():807}() #32 C:\xampp\htdocs\highschool-finance\vendor\spatie\laravel-permission\src\Middleware\PermissionMiddleware.php(37): Illuminate\Pipeline\Pipeline->{closure:Illuminate\Pipeline\Pipeline::prepareDestination():168}() #33 C:\xampp\htdocs\highschool-finance\vendor\laravel\framework\src\Illuminate\Pipeline\Pipeline.php(209): Spatie\Permission\Middleware\PermissionMiddleware->handle() #34 C:\xampp\htdocs\highschool-finance\vendor\laravel\framework\src\Illuminate\Auth\Middleware\EnsureEmailIsVerified.php(41): Illuminate\Pipeline\Pipeline->{closure:{closure:Illuminate\Pipeline\Pipeline::carry():184}:185}() #35 C:\xampp\htdocs\highschool-finance\vendor\laravel\framework\src\Illuminate\Pipeline\Pipeline.php(209): Illuminate\Auth\Middleware\EnsureEmailIsVerified->handle() #36 C:\xampp\htdocs\highschool-finance\vendor\laravel\framework\src\Illuminate\Routing\Middleware\SubstituteBindings.php(51): Illuminate\Pipeline\Pipeline->{closure:{closure:Illuminate\Pipeline\Pipeline::carry():184}:185}() #37 C:\xampp\htdocs\highschool-finance\vendor\laravel\framework\src\Illuminate\Pipeline\Pipeline.php(209): Illuminate\Routing\Middleware\SubstituteBindings->handle() #38 C:\xampp\htdocs\highschool-finance\vendor\laravel\framework\src\Illuminate\Auth\Middleware\Authenticate.php(64): Illuminate\Pipeline\Pipeline->{closure:{closure:Illuminate\Pipeline\Pipeline::carry():184}:185}() #39 C:\xampp\htdocs\highschool-finance\vendor\laravel\framework\src\Illuminate\Pipeline\Pipeline.php(209): Illuminate\Auth\Middleware\Authenticate->handle() #40 C:\xampp\htdocs\highschool-finance\vendor\laravel\framework\src\Illuminate\Foundation\Http\Middleware\VerifyCsrfToken.php(88): Illuminate\Pipeline\Pipeline->{closure:{closure:Illuminate\Pipeline\Pipeline::carry():184}:185}() #41 C:\xampp\htdocs\highschool-finance\vendor\laravel\framework\src\Illuminate\Pipeline\Pipeline.php(209): Illuminate\Foundation\Http\Middleware\VerifyCsrfToken->handle() #42 C:\xampp\htdocs\highschool-finance\vendor\laravel\framework\src\Illuminate\View\Middleware\ShareErrorsFromSession.php(49): Illuminate\Pipeline\Pipeline->{closure:{closure:Illuminate\Pipeline\Pipeline::carry():184}:185}() #43 C:\xampp\htdocs\highschool-finance\vendor\laravel\framework\src\Illuminate\Pipeline\Pipeline.php(209): Illuminate\View\Middleware\ShareErrorsFromSession->handle() #44 C:\xampp\htdocs\highschool-finance\vendor\laravel\framework\src\Illuminate\Session\Middleware\StartSession.php(121): Illuminate\Pipeline\Pipeline->{closure:{closure:Illuminate\Pipeline\Pipeline::carry():184}:185}() #45 C:\xampp\htdocs\highschool-finance\vendor\laravel\framework\src\Illuminate\Session\Middleware\StartSession.php(64): Illuminate\Session\Middleware\StartSession->handleStatefulRequest() #46 C:\xampp\htdocs\highschool-finance\vendor\laravel\framework\src\Illuminate\Pipeline\Pipeline.php(209): Illuminate\Session\Middleware\StartSession->handle() #47 C:\xampp\htdocs\highschool-finance\vendor\laravel\framework\src\Illuminate\Cookie\Middleware\AddQueuedCookiesToResponse.php(37): Illuminate\Pipeline\Pipeline->{closure:{closure:Illuminate\Pipeline\Pipeline::carry():184}:185}() #48 C:\xampp\htdocs\highschool-finance\vendor\laravel\framework\src\Illuminate\Pipeline\Pipeline.php(209): Illuminate\Cookie\Middleware\AddQueuedCookiesToResponse->handle() #49 C:\xampp\htdocs\highschool-finance\vendor\laravel\framework\src\Illuminate\Cookie\Middleware\EncryptCookies.php(75): Illuminate\Pipeline\Pipeline->{closure:{closure:Illuminate\Pipeline\Pipeline::carry():184}:185}() #50 C:\xampp\htdocs\highschool-finance\vendor\laravel\framework\src\Illuminate\Pipeline\Pipeline.php(209): Illuminate\Cookie\Middleware\EncryptCookies->handle() #51 C:\xampp\htdocs\highschool-finance\vendor\laravel\framework\src\Illuminate\Pipeline\Pipeline.php(127): Illuminate\Pipeline\Pipeline->{closure:{closure:Illuminate\Pipeline\Pipeline::carry():184}:185}() #52 C:\xampp\htdocs\highschool-finance\vendor\laravel\framework\src\Illuminate\Routing\Router.php(807): Illuminate\Pipeline\Pipeline->then() #53 C:\xampp\htdocs\highschool-finance\vendor\laravel\framework\src\Illuminate\Routing\Router.php(786): Illuminate\Routing\Router->runRouteWithinStack() #54 C:\xampp\htdocs\highschool-finance\vendor\laravel\framework\src\Illuminate\Routing\Router.php(750): Illuminate\Routing\Router->runRoute() #55 C:\xampp\htdocs\highschool-finance\vendor\laravel\framework\src\Illuminate\Routing\Router.php(739): Illuminate\Routing\Router->dispatchToRoute() #56 C:\xampp\htdocs\highschool-finance\vendor\laravel\framework\src\Illuminate\Foundation\Http\Kernel.php(201): Illuminate\Routing\Router->dispatch() #57 C:\xampp\htdocs\highschool-finance\vendor\laravel\framework\src\Illuminate\Pipeline\Pipeline.php(170): Illuminate\Foundation\Http\Kernel->{closure:Illuminate\Foundation\Http\Kernel::dispatchToRouter():198}() #58 C:\xampp\htdocs\highschool-finance\vendor\laravel\framework\src\Illuminate\Foundation\Http\Middleware\TransformsRequest.php(21): Illuminate\Pipeline\Pipeline->{closure:Illuminate\Pipeline\Pipeline::prepareDestination():168}() #59 C:\xampp\htdocs\highschool-finance\vendor\laravel\framework\src\Illuminate\Foundation\Http\Middleware\ConvertEmptyStringsToNull.php(31): Illuminate\Foundation\Http\Middleware\TransformsRequest->handle() #60 C:\xampp\htdocs\highschool-finance\vendor\laravel\framework\src\Illuminate\Pipeline\Pipeline.php(209): Illuminate\Foundation\Http\Middleware\ConvertEmptyStringsToNull->handle() #61 C:\xampp\htdocs\highschool-finance\vendor\laravel\framework\src\Illuminate\Foundation\Http\Middleware\TransformsRequest.php(21): Illuminate\Pipeline\Pipeline->{closure:{closure:Illuminate\Pipeline\Pipeline::carry():184}:185}() #62 C:\xampp\htdocs\highschool-finance\vendor\laravel\framework\src\Illuminate\Foundation\Http\Middleware\TrimStrings.php(51): Illuminate\Foundation\Http\Middleware\TransformsRequest->handle() #63 C:\xampp\htdocs\highschool-finance\vendor\laravel\framework\src\Illuminate\Pipeline\Pipeline.php(209): Illuminate\Foundation\Http\Middleware\TrimStrings->handle() #64 C:\xampp\htdocs\highschool-finance\vendor\laravel\framework\src\Illuminate\Http\Middleware\ValidatePostSize.php(27): Illuminate\Pipeline\Pipeline->{closure:{closure:Illuminate\Pipeline\Pipeline::carry():184}:185}() #65 C:\xampp\htdocs\highschool-finance\vendor\laravel\framework\src\Illuminate\Pipeline\Pipeline.php(209): Illuminate\Http\Middleware\ValidatePostSize->handle() #66 C:\xampp\htdocs\highschool-finance\vendor\laravel\framework\src\Illuminate\Foundation\Http\Middleware\PreventRequestsDuringMaintenance.php(110): Illuminate\Pipeline\Pipeline->{closure:{closure:Illuminate\Pipeline\Pipeline::carry():184}:185}() #67 C:\xampp\htdocs\highschool-finance\vendor\laravel\framework\src\Illuminate\Pipeline\Pipeline.php(209): Illuminate\Foundation\Http\Middleware\PreventRequestsDuringMaintenance->handle() #68 C:\xampp\htdocs\highschool-finance\vendor\laravel\framework\src\Illuminate\Http\Middleware\HandleCors.php(49): Illuminate\Pipeline\Pipeline->{closure:{closure:Illuminate\Pipeline\Pipeline::carry():184}:185}() #69 C:\xampp\htdocs\highschool-finance\vendor\laravel\framework\src\Illuminate\Pipeline\Pipeline.php(209): Illuminate\Http\Middleware\HandleCors->handle() #70 C:\xampp\htdocs\highschool-finance\vendor\laravel\framework\src\Illuminate\Http\Middleware\TrustProxies.php(58): Illuminate\Pipeline\Pipeline->{closure:{closure:Illuminate\Pipeline\Pipeline::carry():184}:185}() #71 C:\xampp\htdocs\highschool-finance\vendor\laravel\framework\src\Illuminate\Pipeline\Pipeline.php(209): Illuminate\Http\Middleware\TrustProxies->handle() #72 C:\xampp\htdocs\highschool-finance\vendor\laravel\framework\src\Illuminate\Foundation\Http\Middleware\InvokeDeferredCallbacks.php(22): Illuminate\Pipeline\Pipeline->{closure:{closure:Illuminate\Pipeline\Pipeline::carry():184}:185}() #73 C:\xampp\htdocs\highschool-finance\vendor\laravel\framework\src\Illuminate\Pipeline\Pipeline.php(209): Illuminate\Foundation\Http\Middleware\InvokeDeferredCallbacks->handle() #74 C:\xampp\htdocs\highschool-finance\vendor\laravel\framework\src\Illuminate\Pipeline\Pipeline.php(127): Illuminate\Pipeline\Pipeline->{closure:{closure:Illuminate\Pipeline\Pipeline::carry():184}:185}() #75 C:\xampp\htdocs\highschool-finance\vendor\laravel\framework\src\Illuminate\Foundation\Http\Kernel.php(176): Illuminate\Pipeline\Pipeline->then() #76 C:\xampp\htdocs\highschool-finance\vendor\laravel\framework\src\Illuminate\Foundation\Http\Kernel.php(145): Illuminate\Foundation\Http\Kernel->sendRequestThroughRouter() #77 C:\xampp\htdocs\highschool-finance\vendor\laravel\framework\src\Illuminate\Foundation\Application.php(1220): Illuminate\Foundation\Http\Kernel->handle() #78 C:\xampp\htdocs\highschool-finance\public\index.php(17): Illuminate\Foundation\Application->handleRequest() #79 C:\xampp\htdocs\highschool-finance\vendor\laravel\framework\src\Illuminate\Foundation\resources\server.php(23): require_once('...') #80 {main}

Regards,
School Finance System

© 2026 School Finance System. All rights reserved.

--CVqtbYAy
Content-Type: text/html; charset=utf-8
Content-Transfer-Encoding: quoted-printable

<!DOCTYPE html PUBLIC "-//W3C//DTD XHTML 1.0 Transitional//EN" "http://www.w3.org/TR/xhtml1/DTD/xhtml1-transitional.dtd">
<html xmlns="http://www.w3.org/1999/xhtml">
<head>
<title>School Finance System</title>
<meta name="viewport" content="width=device-width, initial-scale=1.0">
<meta http-equiv="Content-Type" content="text/html; charset=UTF-8">
<meta name="color-scheme" content="light">
<meta name="supported-color-schemes" content="light">
<style>
@media only screen and (max-width: 600px) {
.inner-body {
width: 100% !important;
}

.footer {
width: 100% !important;
}
}

@media only screen and (max-width: 500px) {
.button {
width: 100% !important;
}
}
</style>

</head>
<body style="box-sizing: border-box; font-family: -apple-system, BlinkMacSystemFont, 'Segoe UI', Roboto, Helvetica, Arial, sans-serif, 'Apple Color Emoji', 'Segoe UI Emoji', 'Segoe UI Symbol'; position: relative; -webkit-text-size-adjust: none; background-color: #ffffff; color: #718096; height: 100%; line-height: 1.4; margin: 0; padding: 0; width: 100% !important;">

<table class="wrapper" width="100%" cellpadding="0" cellspacing="0" role="presentation" style="box-sizing: border-box; font-family: -apple-system, BlinkMacSystemFont, 'Segoe UI', Roboto, Helvetica, Arial, sans-serif, 'Apple Color Emoji', 'Segoe UI Emoji', 'Segoe UI Symbol'; position: relative; -premailer-cellpadding: 0; -premailer-cellspacing: 0; -premailer-width: 100%; background-color: #edf2f7; margin: 0; padding: 0; width: 100%;">
<tr>
<td align="center" style="box-sizing: border-box; font-family: -apple-system, BlinkMacSystemFont, 'Segoe UI', Roboto, Helvetica, Arial, sans-serif, 'Apple Color Emoji', 'Segoe UI Emoji', 'Segoe UI Symbol'; position: relative;">
<table class="content" width="100%" cellpadding="0" cellspacing="0" role="presentation" style="box-sizing: border-box; font-family: -apple-system, BlinkMacSystemFont, 'Segoe UI', Roboto, Helvetica, Arial, sans-serif, 'Apple Color Emoji', 'Segoe UI Emoji', 'Segoe UI Symbol'; position: relative; -premailer-cellpadding: 0; -premailer-cellspacing: 0; -premailer-width: 100%; margin: 0; padding: 0; width: 100%;">
<tr>
<td class="header" style="box-sizing: border-box; font-family: -apple-system, BlinkMacSystemFont, 'Segoe UI', Roboto, Helvetica, Arial, sans-serif, 'Apple Color Emoji', 'Segoe UI Emoji', 'Segoe UI Symbol'; position: relative; padding: 25px 0; text-align: center;">
<a href="http://127.0.0.1:8000" style="box-sizing: border-box; font-family: -apple-system, BlinkMacSystemFont, 'Segoe UI', Roboto, Helvetica, Arial, sans-serif, 'Apple Color Emoji', 'Segoe UI Emoji', 'Segoe UI Symbol'; position: relative; color: #3d4852; font-size: 19px; font-weight: bold; text-decoration: none; display: inline-block;">
School Finance System
</a>
</td>
</tr>

<!-- Email Body -->
<tr>
<td class="body" width="100%" cellpadding="0" cellspacing="0" style="box-sizing: border-box; font-family: -apple-system, BlinkMacSystemFont, 'Segoe UI', Roboto, Helvetica, Arial, sans-serif, 'Apple Color Emoji', 'Segoe UI Emoji', 'Segoe UI Symbol'; position: relative; -premailer-cellpadding: 0; -premailer-cellspacing: 0; -premailer-width: 100%; background-color: #edf2f7; border-bottom: 1px solid #edf2f7; border-top: 1px solid #edf2f7; margin: 0; padding: 0; width: 100%; border: hidden !important;">
<table class="inner-body" align="center" width="570" cellpadding="0" cellspacing="0" role="presentation" style="box-sizing: border-box; font-family: -apple-system, BlinkMacSystemFont, 'Segoe UI', Roboto, Helvetica, Arial, sans-serif, 'Apple Color Emoji', 'Segoe UI Emoji', 'Segoe UI Symbol'; position: relative; -premailer-cellpadding: 0; -premailer-cellspacing: 0; -premailer-width: 570px; background-color: #ffffff; border-color: #e8e5ef; border-radius: 2px; border-width: 1px; box-shadow: 0 2px 0 rgba(0, 0, 150, 0.025), 2px 4px 0 rgba(0, 0, 150, 0.015); margin: 0 auto; padding: 0; width: 570px;">
<!-- Body content -->
<tr>
<td class="content-cell" style="box-sizing: border-box; font-family: -apple-system, BlinkMacSystemFont, 'Segoe UI', Roboto, Helvetica, Arial, sans-serif, 'Apple Color Emoji', 'Segoe UI Emoji', 'Segoe UI Symbol'; position: relative; max-width: 100vw; padding: 32px;">
<h1 style="box-sizing: border-box; font-family: -apple-system, BlinkMacSystemFont, 'Segoe UI', Roboto, Helvetica, Arial, sans-serif, 'Apple Color Emoji', 'Segoe UI Emoji', 'Segoe UI Symbol'; position: relative; color: #3d4852; font-size: 18px; font-weight: bold; margin-top: 0; text-align: left;">Whoops!</h1>
<p style="box-sizing: border-box; font-family: -apple-system, BlinkMacSystemFont, 'Segoe UI', Roboto, Helvetica, Arial, sans-serif, 'Apple Color Emoji', 'Segoe UI Emoji', 'Segoe UI Symbol'; position: relative; font-size: 16px; line-height: 1.5em; margin-top: 0; text-align: left;">Important: An error occurred while backing up School Finance System (local)</p>
<p style="box-sizing: border-box; font-family: -apple-system, BlinkMacSystemFont, 'Segoe UI', Roboto, Helvetica, Arial, sans-serif, 'Apple Color Emoji', 'Segoe UI Emoji', 'Segoe UI Symbol'; position: relative; font-size: 16px; line-height: 1.5em; margin-top: 0; text-align: left;">Exception message: The dump process failed with a none successful exitcode. Exitcode ======== 2: Misuse of shell builtins  Output ====== &lt;no output&gt;  Error Output ============ mysqldump: Got error: 2004: "Can't create TCP/IP socket (10106)" when trying to connect</p>
<p style="box-sizing: border-box; font-family: -apple-system, BlinkMacSystemFont, 'Segoe UI', Roboto, Helvetica, Arial, sans-serif, 'Apple Color Emoji', 'Segoe UI Emoji', 'Segoe UI Symbol'; position: relative; font-size: 16px; line-height: 1.5em; margin-top: 0; text-align: left;">Exception trace: #0 C:\xampp\htdocs\highschool-finance\vendor\spatie\db-dumper\src\DbDumper.php(200): Spatie\DbDumper\Exceptions\DumpFailed::processDidNotEndSuccessfully() #1 C:\xampp\htdocs\highschool-finance\vendor\spatie\db-dumper\src\Databases\MySql.php(189): Spatie\DbDumper\DbDumper-&gt;checkIfDumpWasSuccessFul() #2 C:\xampp\htdocs\highschool-finance\vendor\spatie\laravel-backup\src\Tasks\Backup\BackupJob.php(289): Spatie\DbDumper\Databases\MySql-&gt;dumpToFile() #3 [internal function]: Spatie\Backup\Tasks\Backup\BackupJob-&gt;{closure:Spatie\Backup\Tasks\Backup\BackupJob::dumpDatabases():259}() #4 C:\xampp\htdocs\highschool-finance\vendor\laravel\framework\src\Illuminate\Collections\Arr.php(609): array_map() #5 C:\xampp\htdocs\highschool-finance\vendor\laravel\framework\src\Illuminate\Collections\Collection.php(799): Illuminate\Support\Arr::map() #6 C:\xampp\htdocs\highschool-finance\vendor\spatie\laravel-backup\src\Tasks\Backup\BackupJob.php(259): Illuminate\Support\Collection-&gt;map() #7 C:\xampp\htdocs\highschool-finance\vendor\spatie\laravel-backup\src\Tasks\Backup\BackupJob.php(198): Spatie\Backup\Tasks\Backup\BackupJob-&gt;dumpDatabases() #8 C:\xampp\htdocs\highschool-finance\vendor\spatie\laravel-backup\src\Tasks\Backup\BackupJob.php(172): Spatie\Backup\Tasks\Backup\BackupJob-&gt;createBackupManifest() #9 C:\xampp\htdocs\highschool-finance\vendor\spatie\laravel-backup\src\Commands\BackupCommand.php(72): Spatie\Backup\Tasks\Backup\BackupJob-&gt;run() #10 C:\xampp\htdocs\highschool-finance\vendor\laravel\framework\src\Illuminate\Container\BoundMethod.php(36): Spatie\Backup\Commands\BackupCommand-&gt;handle() #11 C:\xampp\htdocs\highschool-finance\vendor\laravel\framework\src\Illuminate\Container\Util.php(43): Illuminate\Container\BoundMethod::{closure:Illuminate\Container\BoundMethod::call():35}() #12 C:\xampp\htdocs\highschool-finance\vendor\laravel\framework\src\Illuminate\Container\BoundMethod.php(95): Illuminate\Container\Util::unwrapIfClosure() #13 C:\xampp\htdocs\highschool-finance\vendor\laravel\framework\src\Illuminate\Container\BoundMethod.php(35): Illuminate\Container\BoundMethod::callBoundMethod() #14 C:\xampp\htdocs\highschool-finance\vendor\laravel\framework\src\Illuminate\Container\Container.php(696): Illuminate\Container\BoundMethod::call() #15 C:\xampp\htdocs\highschool-finance\vendor\laravel\framework\src\Illuminate\Console\Command.php(213): Illuminate\Container\Container-&gt;call() #16 C:\xampp\htdocs\highschool-finance\vendor\symfony\console\Command\Command.php(341): Illuminate\Console\Command-&gt;execute() #17 C:\xampp\htdocs\highschool-finance\vendor\laravel\framework\src\Illuminate\Console\Command.php(182): Symfony\Component\Console\Command\Command-&gt;run() #18 C:\xampp\htdocs\highschool-finance\vendor\spatie\laravel-backup\src\Commands\BaseCommand.php(29): Illuminate\Console\Command-&gt;run() #19 C:\xampp\htdocs\highschool-finance\vendor\symfony\console\Application.php(1117): Spatie\Backup\Commands\BaseCommand-&gt;run() #20 C:\xampp\htdocs\highschool-finance\vendor\symfony\console\Application.php(356): Symfony\Component\Console\Application-&gt;doRunCommand() #21 C:\xampp\htdocs\highschool-finance\vendor\symfony\console\Application.php(195): Symfony\Component\Console\Application-&gt;doRun() #22 C:\xampp\htdocs\highschool-finance\vendor\laravel\framework\src\Illuminate\Console\Application.php(166): Symfony\Component\Console\Application-&gt;run() #23 C:\xampp\htdocs\highschool-finance\vendor\laravel\framework\src\Illuminate\Foundation\Console\Kernel.php(427): Illuminate\Console\Application-&gt;call() #24 C:\xampp\htdocs\highschool-finance\vendor\laravel\framework\src\Illuminate\Support\Facades\Facade.php(361): Illuminate\Foundation\Console\Kernel-&gt;call() #25 C:\xampp\htdocs\highschool-finance\app\Http\Controllers\BackupController.php(17): Illuminate\Support\Facades\Facade::__callStatic() #26 C:\xampp\htdocs\highschool-finance\vendor\laravel\framework\src\Illuminate\Routing\Controller.php(54): App\Http\Controllers\BackupController-&gt;run() #27 C:\xampp\htdocs\highschool-finance\vendor\laravel\framework\src\Illuminate\Routing\ControllerDispatcher.php(44): Illuminate\Routing\Controller-&gt;callAction() #28 C:\xampp\htdocs\highschool-finance\vendor\laravel\framework\src\Illuminate\Routing\Route.php(266): Illuminate\Routing\ControllerDispatcher-&gt;dispatch() #29 C:\xampp\htdocs\highschool-finance\vendor\laravel\framework\src\Illuminate\Routing\Route.php(212): Illuminate\Routing\Route-&gt;runController() #30 C:\xampp\htdocs\highschool-finance\vendor\laravel\framework\src\Illuminate\Routing\Router.php(808): Illuminate\Routing\Route-&gt;run() #31 C:\xampp\htdocs\highschool-finance\vendor\laravel\framework\src\Illuminate\Pipeline\Pipeline.php(170): Illuminate\Routing\Router-&gt;{closure:Illuminate\Routing\Router::runRouteWithinStack():807}() #32 C:\xampp\htdocs\highschool-finance\vendor\spatie\laravel-permission\src\Middleware\PermissionMiddleware.php(37): Illuminate\Pipeline\Pipeline-&gt;{closure:Illuminate\Pipeline\Pipeline::prepareDestination():168}() #33 C:\xampp\htdocs\highschool-finance\vendor\laravel\framework\src\Illuminate\Pipeline\Pipeline.php(209): Spatie\Permission\Middleware\PermissionMiddleware-&gt;handle() #34 C:\xampp\htdocs\highschool-finance\vendor\laravel\framework\src\Illuminate\Auth\Middleware\EnsureEmailIsVerified.php(41): Illuminate\Pipeline\Pipeline-&gt;{closure:{closure:Illuminate\Pipeline\Pipeline::carry():184}:185}() #35 C:\xampp\htdocs\highschool-finance\vendor\laravel\framework\src\Illuminate\Pipeline\Pipeline.php(209): Illuminate\Auth\Middleware\EnsureEmailIsVerified-&gt;handle() #36 C:\xampp\htdocs\highschool-finance\vendor\laravel\framework\src\Illuminate\Routing\Middleware\SubstituteBindings.php(51): Illuminate\Pipeline\Pipeline-&gt;{closure:{closure:Illuminate\Pipeline\Pipeline::carry():184}:185}() #37 C:\xampp\htdocs\highschool-finance\vendor\laravel\framework\src\Illuminate\Pipeline\Pipeline.php(209): Illuminate\Routing\Middleware\SubstituteBindings-&gt;handle() #38 C:\xampp\htdocs\highschool-finance\vendor\laravel\framework\src\Illuminate\Auth\Middleware\Authenticate.php(64): Illuminate\Pipeline\Pipeline-&gt;{closure:{closure:Illuminate\Pipeline\Pipeline::carry():184}:185}() #39 C:\xampp\htdocs\highschool-finance\vendor\laravel\framework\src\Illuminate\Pipeline\Pipeline.php(209): Illuminate\Auth\Middleware\Authenticate-&gt;handle() #40 C:\xampp\htdocs\highschool-finance\vendor\laravel\framework\src\Illuminate\Foundation\Http\Middleware\VerifyCsrfToken.php(88): Illuminate\Pipeline\Pipeline-&gt;{closure:{closure:Illuminate\Pipeline\Pipeline::carry():184}:185}() #41 C:\xampp\htdocs\highschool-finance\vendor\laravel\framework\src\Illuminate\Pipeline\Pipeline.php(209): Illuminate\Foundation\Http\Middleware\VerifyCsrfToken-&gt;handle() #42 C:\xampp\htdocs\highschool-finance\vendor\laravel\framework\src\Illuminate\View\Middleware\ShareErrorsFromSession.php(49): Illuminate\Pipeline\Pipeline-&gt;{closure:{closure:Illuminate\Pipeline\Pipeline::carry():184}:185}() #43 C:\xampp\htdocs\highschool-finance\vendor\laravel\framework\src\Illuminate\Pipeline\Pipeline.php(209): Illuminate\View\Middleware\ShareErrorsFromSession-&gt;handle() #44 C:\xampp\htdocs\highschool-finance\vendor\laravel\framework\src\Illuminate\Session\Middleware\StartSession.php(121): Illuminate\Pipeline\Pipeline-&gt;{closure:{closure:Illuminate\Pipeline\Pipeline::carry():184}:185}() #45 C:\xampp\htdocs\highschool-finance\vendor\laravel\framework\src\Illuminate\Session\Middleware\StartSession.php(64): Illuminate\Session\Middleware\StartSession-&gt;handleStatefulRequest() #46 C:\xampp\htdocs\highschool-finance\vendor\laravel\framework\src\Illuminate\Pipeline\Pipeline.php(209): Illuminate\Session\Middleware\StartSession-&gt;handle() #47 C:\xampp\htdocs\highschool-finance\vendor\laravel\framework\src\Illuminate\Cookie\Middleware\AddQueuedCookiesToResponse.php(37): Illuminate\Pipeline\Pipeline-&gt;{closure:{closure:Illuminate\Pipeline\Pipeline::carry():184}:185}() #48 C:\xampp\htdocs\highschool-finance\vendor\laravel\framework\src\Illuminate\Pipeline\Pipeline.php(209): Illuminate\Cookie\Middleware\AddQueuedCookiesToResponse-&gt;handle() #49 C:\xampp\htdocs\highschool-finance\vendor\laravel\framework\src\Illuminate\Cookie\Middleware\EncryptCookies.php(75): Illuminate\Pipeline\Pipeline-&gt;{closure:{closure:Illuminate\Pipeline\Pipeline::carry():184}:185}() #50 C:\xampp\htdocs\highschool-finance\vendor\laravel\framework\src\Illuminate\Pipeline\Pipeline.php(209): Illuminate\Cookie\Middleware\EncryptCookies-&gt;handle() #51 C:\xampp\htdocs\highschool-finance\vendor\laravel\framework\src\Illuminate\Pipeline\Pipeline.php(127): Illuminate\Pipeline\Pipeline-&gt;{closure:{closure:Illuminate\Pipeline\Pipeline::carry():184}:185}() #52 C:\xampp\htdocs\highschool-finance\vendor\laravel\framework\src\Illuminate\Routing\Router.php(807): Illuminate\Pipeline\Pipeline-&gt;then() #53 C:\xampp\htdocs\highschool-finance\vendor\laravel\framework\src\Illuminate\Routing\Router.php(786): Illuminate\Routing\Router-&gt;runRouteWithinStack() #54 C:\xampp\htdocs\highschool-finance\vendor\laravel\framework\src\Illuminate\Routing\Router.php(750): Illuminate\Routing\Router-&gt;runRoute() #55 C:\xampp\htdocs\highschool-finance\vendor\laravel\framework\src\Illuminate\Routing\Router.php(739): Illuminate\Routing\Router-&gt;dispatchToRoute() #56 C:\xampp\htdocs\highschool-finance\vendor\laravel\framework\src\Illuminate\Foundation\Http\Kernel.php(201): Illuminate\Routing\Router-&gt;dispatch() #57 C:\xampp\htdocs\highschool-finance\vendor\laravel\framework\src\Illuminate\Pipeline\Pipeline.php(170): Illuminate\Foundation\Http\Kernel-&gt;{closure:Illuminate\Foundation\Http\Kernel::dispatchToRouter():198}() #58 C:\xampp\htdocs\highschool-finance\vendor\laravel\framework\src\Illuminate\Foundation\Http\Middleware\TransformsRequest.php(21): Illuminate\Pipeline\Pipeline-&gt;{closure:Illuminate\Pipeline\Pipeline::prepareDestination():168}() #59 C:\xampp\htdocs\highschool-finance\vendor\laravel\framework\src\Illuminate\Foundation\Http\Middleware\ConvertEmptyStringsToNull.php(31): Illuminate\Foundation\Http\Middleware\TransformsRequest-&gt;handle() #60 C:\xampp\htdocs\highschool-finance\vendor\laravel\framework\src\Illuminate\Pipeline\Pipeline.php(209): Illuminate\Foundation\Http\Middleware\ConvertEmptyStringsToNull-&gt;handle() #61 C:\xampp\htdocs\highschool-finance\vendor\laravel\framework\src\Illuminate\Foundation\Http\Middleware\TransformsRequest.php(21): Illuminate\Pipeline\Pipeline-&gt;{closure:{closure:Illuminate\Pipeline\Pipeline::carry():184}:185}() #62 C:\xampp\htdocs\highschool-finance\vendor\laravel\framework\src\Illuminate\Foundation\Http\Middleware\TrimStrings.php(51): Illuminate\Foundation\Http\Middleware\TransformsRequest-&gt;handle() #63 C:\xampp\htdocs\highschool-finance\vendor\laravel\framework\src\Illuminate\Pipeline\Pipeline.php(209): Illuminate\Foundation\Http\Middleware\TrimStrings-&gt;handle() #64 C:\xampp\htdocs\highschool-finance\vendor\laravel\framework\src\Illuminate\Http\Middleware\ValidatePostSize.php(27): Illuminate\Pipeline\Pipeline-&gt;{closure:{closure:Illuminate\Pipeline\Pipeline::carry():184}:185}() #65 C:\xampp\htdocs\highschool-finance\vendor\laravel\framework\src\Illuminate\Pipeline\Pipeline.php(209): Illuminate\Http\Middleware\ValidatePostSize-&gt;handle() #66 C:\xampp\htdocs\highschool-finance\vendor\laravel\framework\src\Illuminate\Foundation\Http\Middleware\PreventRequestsDuringMaintenance.php(110): Illuminate\Pipeline\Pipeline-&gt;{closure:{closure:Illuminate\Pipeline\Pipeline::carry():184}:185}() #67 C:\xampp\htdocs\highschool-finance\vendor\laravel\framework\src\Illuminate\Pipeline\Pipeline.php(209): Illuminate\Foundation\Http\Middleware\PreventRequestsDuringMaintenance-&gt;handle() #68 C:\xampp\htdocs\highschool-finance\vendor\laravel\framework\src\Illuminate\Http\Middleware\HandleCors.php(49): Illuminate\Pipeline\Pipeline-&gt;{closure:{closure:Illuminate\Pipeline\Pipeline::carry():184}:185}() #69 C:\xampp\htdocs\highschool-finance\vendor\laravel\framework\src\Illuminate\Pipeline\Pipeline.php(209): Illuminate\Http\Middleware\HandleCors-&gt;handle() #70 C:\xampp\htdocs\highschool-finance\vendor\laravel\framework\src\Illuminate\Http\Middleware\TrustProxies.php(58): Illuminate\Pipeline\Pipeline-&gt;{closure:{closure:Illuminate\Pipeline\Pipeline::carry():184}:185}() #71 C:\xampp\htdocs\highschool-finance\vendor\laravel\framework\src\Illuminate\Pipeline\Pipeline.php(209): Illuminate\Http\Middleware\TrustProxies-&gt;handle() #72 C:\xampp\htdocs\highschool-finance\vendor\laravel\framework\src\Illuminate\Foundation\Http\Middleware\InvokeDeferredCallbacks.php(22): Illuminate\Pipeline\Pipeline-&gt;{closure:{closure:Illuminate\Pipeline\Pipeline::carry():184}:185}() #73 C:\xampp\htdocs\highschool-finance\vendor\laravel\framework\src\Illuminate\Pipeline\Pipeline.php(209): Illuminate\Foundation\Http\Middleware\InvokeDeferredCallbacks-&gt;handle() #74 C:\xampp\htdocs\highschool-finance\vendor\laravel\framework\src\Illuminate\Pipeline\Pipeline.php(127): Illuminate\Pipeline\Pipeline-&gt;{closure:{closure:Illuminate\Pipeline\Pipeline::carry():184}:185}() #75 C:\xampp\htdocs\highschool-finance\vendor\laravel\framework\src\Illuminate\Foundation\Http\Kernel.php(176): Illuminate\Pipeline\Pipeline-&gt;then() #76 C:\xampp\htdocs\highschool-finance\vendor\laravel\framework\src\Illuminate\Foundation\Http\Kernel.php(145): Illuminate\Foundation\Http\Kernel-&gt;sendRequestThroughRouter() #77 C:\xampp\htdocs\highschool-finance\vendor\laravel\framework\src\Illuminate\Foundation\Application.php(1220): Illuminate\Foundation\Http\Kernel-&gt;handle() #78 C:\xampp\htdocs\highschool-finance\public\index.php(17): Illuminate\Foundation\Application-&gt;handleRequest() #79 C:\xampp\htdocs\highschool-finance\vendor\laravel\framework\src\Illuminate\Foundation\resources\server.php(23): require_once('...') #80 {main}</p>
<p style="box-sizing: border-box; font-family: -apple-system, BlinkMacSystemFont, 'Segoe UI', Roboto, Helvetica, Arial, sans-serif, 'Apple Color Emoji', 'Segoe UI Emoji', 'Segoe UI Symbol'; position: relative; font-size: 16px; line-height: 1.5em; margin-top: 0; text-align: left;">Regards,<br>
School Finance System</p>



</td>
</tr>
</table>
</td>
</tr>

<tr>
<td style="box-sizing: border-box; font-family: -apple-system, BlinkMacSystemFont, 'Segoe UI', Roboto, Helvetica, Arial, sans-serif, 'Apple Color Emoji', 'Segoe UI Emoji', 'Segoe UI Symbol'; position: relative;">
<table class="footer" align="center" width="570" cellpadding="0" cellspacing="0" role="presentation" style="box-sizing: border-box; font-family: -apple-system, BlinkMacSystemFont, 'Segoe UI', Roboto, Helvetica, Arial, sans-serif, 'Apple Color Emoji', 'Segoe UI Emoji', 'Segoe UI Symbol'; position: relative; -premailer-cellpadding: 0; -premailer-cellspacing: 0; -premailer-width: 570px; margin: 0 auto; padding: 0; text-align: center; width: 570px;">
<tr>
<td class="content-cell" align="center" style="box-sizing: border-box; font-family: -apple-system, BlinkMacSystemFont, 'Segoe UI', Roboto, Helvetica, Arial, sans-serif, 'Apple Color Emoji', 'Segoe UI Emoji', 'Segoe UI Symbol'; position: relative; max-width: 100vw; padding: 32px;">
<p style="box-sizing: border-box; font-family: -apple-system, BlinkMacSystemFont, 'Segoe UI', Roboto, Helvetica, Arial, sans-serif, 'Apple Color Emoji', 'Segoe UI Emoji', 'Segoe UI Symbol'; position: relative; line-height: 1.5em; margin-top: 0; color: #b0adc5; font-size: 12px; text-align: center;">© 2026 School Finance System. All rights reserved.</p>

</td>
</tr>
</table>
</td>
</tr>
</table>
</td>
</tr>
</table>
</body>
</html>
--CVqtbYAy--
  
[2026-06-02 04:56:13] local.INFO: Backup completed {"output":"Starting backup...

Dumping database highschool_finance...

Backup failed because: The dump process failed with a none successful exitcode.
Exitcode
========
2: Misuse of shell builtins

Output
======
<no output>

Error Output
============
mysqldump: Got error: 2004: \"Can't create TCP/IP socket (10106)\" when trying to connect

.

#0 C:\\xampp\\htdocs\\highschool-finance\\vendor\\spatie\\db-dumper\\src\\DbDumper.php(200): Spatie\\DbDumper\\Exceptions\\DumpFailed::processDidNotEndSuccessfully()
#1 C:\\xampp\\htdocs\\highschool-finance\\vendor\\spatie\\db-dumper\\src\\Databases\\MySql.php(189): Spatie\\DbDumper\\DbDumper->checkIfDumpWasSuccessFul()
#2 C:\\xampp\\htdocs\\highschool-finance\\vendor\\spatie\\laravel-backup\\src\\Tasks\\Backup\\BackupJob.php(289): Spatie\\DbDumper\\Databases\\MySql->dumpToFile()
#3 [internal function]: Spatie\\Backup\\Tasks\\Backup\\BackupJob->{closure:Spatie\\Backup\\Tasks\\Backup\\BackupJob::dumpDatabases():259}()
#4 C:\\xampp\\htdocs\\highschool-finance\\vendor\\laravel\\framework\\src\\Illuminate\\Collections\\Arr.php(609): array_map()
#5 C:\\xampp\\htdocs\\highschool-finance\\vendor\\laravel\\framework\\src\\Illuminate\\Collections\\Collection.php(799): Illuminate\\Support\\Arr::map()
#6 C:\\xampp\\htdocs\\highschool-finance\\vendor\\spatie\\laravel-backup\\src\\Tasks\\Backup\\BackupJob.php(259): Illuminate\\Support\\Collection->map()
#7 C:\\xampp\\htdocs\\highschool-finance\\vendor\\spatie\\laravel-backup\\src\\Tasks\\Backup\\BackupJob.php(198): Spatie\\Backup\\Tasks\\Backup\\BackupJob->dumpDatabases()
#8 C:\\xampp\\htdocs\\highschool-finance\\vendor\\spatie\\laravel-backup\\src\\Tasks\\Backup\\BackupJob.php(172): Spatie\\Backup\\Tasks\\Backup\\BackupJob->createBackupManifest()
#9 C:\\xampp\\htdocs\\highschool-finance\\vendor\\spatie\\laravel-backup\\src\\Commands\\BackupCommand.php(72): Spatie\\Backup\\Tasks\\Backup\\BackupJob->run()
#10 C:\\xampp\\htdocs\\highschool-finance\\vendor\\laravel\\framework\\src\\Illuminate\\Container\\BoundMethod.php(36): Spatie\\Backup\\Commands\\BackupCommand->handle()
#11 C:\\xampp\\htdocs\\highschool-finance\\vendor\\laravel\\framework\\src\\Illuminate\\Container\\Util.php(43): Illuminate\\Container\\BoundMethod::{closure:Illuminate\\Container\\BoundMethod::call():35}()
#12 C:\\xampp\\htdocs\\highschool-finance\\vendor\\laravel\\framework\\src\\Illuminate\\Container\\BoundMethod.php(95): Illuminate\\Container\\Util::unwrapIfClosure()
#13 C:\\xampp\\htdocs\\highschool-finance\\vendor\\laravel\\framework\\src\\Illuminate\\Container\\BoundMethod.php(35): Illuminate\\Container\\BoundMethod::callBoundMethod()
#14 C:\\xampp\\htdocs\\highschool-finance\\vendor\\laravel\\framework\\src\\Illuminate\\Container\\Container.php(696): Illuminate\\Container\\BoundMethod::call()
#15 C:\\xampp\\htdocs\\highschool-finance\\vendor\\laravel\\framework\\src\\Illuminate\\Console\\Command.php(213): Illuminate\\Container\\Container->call()
#16 C:\\xampp\\htdocs\\highschool-finance\\vendor\\symfony\\console\\Command\\Command.php(341): Illuminate\\Console\\Command->execute()
#17 C:\\xampp\\htdocs\\highschool-finance\\vendor\\laravel\\framework\\src\\Illuminate\\Console\\Command.php(182): Symfony\\Component\\Console\\Command\\Command->run()
#18 C:\\xampp\\htdocs\\highschool-finance\\vendor\\spatie\\laravel-backup\\src\\Commands\\BaseCommand.php(29): Illuminate\\Console\\Command->run()
#19 C:\\xampp\\htdocs\\highschool-finance\\vendor\\symfony\\console\\Application.php(1117): Spatie\\Backup\\Commands\\BaseCommand->run()
#20 C:\\xampp\\htdocs\\highschool-finance\\vendor\\symfony\\console\\Application.php(356): Symfony\\Component\\Console\\Application->doRunCommand()
#21 C:\\xampp\\htdocs\\highschool-finance\\vendor\\symfony\\console\\Application.php(195): Symfony\\Component\\Console\\Application->doRun()
#22 C:\\xampp\\htdocs\\highschool-finance\\vendor\\laravel\\framework\\src\\Illuminate\\Console\\Application.php(166): Symfony\\Component\\Console\\Application->run()
#23 C:\\xampp\\htdocs\\highschool-finance\\vendor\\laravel\\framework\\src\\Illuminate\\Foundation\\Console\\Kernel.php(427): Illuminate\\Console\\Application->call()
#24 C:\\xampp\\htdocs\\highschool-finance\\vendor\\laravel\\framework\\src\\Illuminate\\Support\\Facades\\Facade.php(361): Illuminate\\Foundation\\Console\\Kernel->call()
#25 C:\\xampp\\htdocs\\highschool-finance\\app\\Http\\Controllers\\BackupController.php(17): Illuminate\\Support\\Facades\\Facade::__callStatic()
#26 C:\\xampp\\htdocs\\highschool-finance\\vendor\\laravel\\framework\\src\\Illuminate\\Routing\\Controller.php(54): App\\Http\\Controllers\\BackupController->run()
#27 C:\\xampp\\htdocs\\highschool-finance\\vendor\\laravel\\framework\\src\\Illuminate\\Routing\\ControllerDispatcher.php(44): Illuminate\\Routing\\Controller->callAction()
#28 C:\\xampp\\htdocs\\highschool-finance\\vendor\\laravel\\framework\\src\\Illuminate\\Routing\\Route.php(266): Illuminate\\Routing\\ControllerDispatcher->dispatch()
#29 C:\\xampp\\htdocs\\highschool-finance\\vendor\\laravel\\framework\\src\\Illuminate\\Routing\\Route.php(212): Illuminate\\Routing\\Route->runController()
#30 C:\\xampp\\htdocs\\highschool-finance\\vendor\\laravel\\framework\\src\\Illuminate\\Routing\\Router.php(808): Illuminate\\Routing\\Route->run()
#31 C:\\xampp\\htdocs\\highschool-finance\\vendor\\laravel\\framework\\src\\Illuminate\\Pipeline\\Pipeline.php(170): Illuminate\\Routing\\Router->{closure:Illuminate\\Routing\\Router::runRouteWithinStack():807}()
#32 C:\\xampp\\htdocs\\highschool-finance\\vendor\\spatie\\laravel-permission\\src\\Middleware\\PermissionMiddleware.php(37): Illuminate\\Pipeline\\Pipeline->{closure:Illuminate\\Pipeline\\Pipeline::prepareDestination():168}()
#33 C:\\xampp\\htdocs\\highschool-finance\\vendor\\laravel\\framework\\src\\Illuminate\\Pipeline\\Pipeline.php(209): Spatie\\Permission\\Middleware\\PermissionMiddleware->handle()
#34 C:\\xampp\\htdocs\\highschool-finance\\vendor\\laravel\\framework\\src\\Illuminate\\Auth\\Middleware\\EnsureEmailIsVerified.php(41): Illuminate\\Pipeline\\Pipeline->{closure:{closure:Illuminate\\Pipeline\\Pipeline::carry():184}:185}()
#35 C:\\xampp\\htdocs\\highschool-finance\\vendor\\laravel\\framework\\src\\Illuminate\\Pipeline\\Pipeline.php(209): Illuminate\\Auth\\Middleware\\EnsureEmailIsVerified->handle()
#36 C:\\xampp\\htdocs\\highschool-finance\\vendor\\laravel\\framework\\src\\Illuminate\\Routing\\Middleware\\SubstituteBindings.php(51): Illuminate\\Pipeline\\Pipeline->{closure:{closure:Illuminate\\Pipeline\\Pipeline::carry():184}:185}()
#37 C:\\xampp\\htdocs\\highschool-finance\\vendor\\laravel\\framework\\src\\Illuminate\\Pipeline\\Pipeline.php(209): Illuminate\\Routing\\Middleware\\SubstituteBindings->handle()
#38 C:\\xampp\\htdocs\\highschool-finance\\vendor\\laravel\\framework\\src\\Illuminate\\Auth\\Middleware\\Authenticate.php(64): Illuminate\\Pipeline\\Pipeline->{closure:{closure:Illuminate\\Pipeline\\Pipeline::carry():184}:185}()
#39 C:\\xampp\\htdocs\\highschool-finance\\vendor\\laravel\\framework\\src\\Illuminate\\Pipeline\\Pipeline.php(209): Illuminate\\Auth\\Middleware\\Authenticate->handle()
#40 C:\\xampp\\htdocs\\highschool-finance\\vendor\\laravel\\framework\\src\\Illuminate\\Foundation\\Http\\Middleware\\VerifyCsrfToken.php(88): Illuminate\\Pipeline\\Pipeline->{closure:{closure:Illuminate\\Pipeline\\Pipeline::carry():184}:185}()
#41 C:\\xampp\\htdocs\\highschool-finance\\vendor\\laravel\\framework\\src\\Illuminate\\Pipeline\\Pipeline.php(209): Illuminate\\Foundation\\Http\\Middleware\\VerifyCsrfToken->handle()
#42 C:\\xampp\\htdocs\\highschool-finance\\vendor\\laravel\\framework\\src\\Illuminate\\View\\Middleware\\ShareErrorsFromSession.php(49): Illuminate\\Pipeline\\Pipeline->{closure:{closure:Illuminate\\Pipeline\\Pipeline::carry():184}:185}()
#43 C:\\xampp\\htdocs\\highschool-finance\\vendor\\laravel\\framework\\src\\Illuminate\\Pipeline\\Pipeline.php(209): Illuminate\\View\\Middleware\\ShareErrorsFromSession->handle()
#44 C:\\xampp\\htdocs\\highschool-finance\\vendor\\laravel\\framework\\src\\Illuminate\\Session\\Middleware\\StartSession.php(121): Illuminate\\Pipeline\\Pipeline->{closure:{closure:Illuminate\\Pipeline\\Pipeline::carry():184}:185}()
#45 C:\\xampp\\htdocs\\highschool-finance\\vendor\\laravel\\framework\\src\\Illuminate\\Session\\Middleware\\StartSession.php(64): Illuminate\\Session\\Middleware\\StartSession->handleStatefulRequest()
#46 C:\\xampp\\htdocs\\highschool-finance\\vendor\\laravel\\framework\\src\\Illuminate\\Pipeline\\Pipeline.php(209): Illuminate\\Session\\Middleware\\StartSession->handle()
#47 C:\\xampp\\htdocs\\highschool-finance\\vendor\\laravel\\framework\\src\\Illuminate\\Cookie\\Middleware\\AddQueuedCookiesToResponse.php(37): Illuminate\\Pipeline\\Pipeline->{closure:{closure:Illuminate\\Pipeline\\Pipeline::carry():184}:185}()
#48 C:\\xampp\\htdocs\\highschool-finance\\vendor\\laravel\\framework\\src\\Illuminate\\Pipeline\\Pipeline.php(209): Illuminate\\Cookie\\Middleware\\AddQueuedCookiesToResponse->handle()
#49 C:\\xampp\\htdocs\\highschool-finance\\vendor\\laravel\\framework\\src\\Illuminate\\Cookie\\Middleware\\EncryptCookies.php(75): Illuminate\\Pipeline\\Pipeline->{closure:{closure:Illuminate\\Pipeline\\Pipeline::carry():184}:185}()
#50 C:\\xampp\\htdocs\\highschool-finance\\vendor\\laravel\\framework\\src\\Illuminate\\Pipeline\\Pipeline.php(209): Illuminate\\Cookie\\Middleware\\EncryptCookies->handle()
#51 C:\\xampp\\htdocs\\highschool-finance\\vendor\\laravel\\framework\\src\\Illuminate\\Pipeline\\Pipeline.php(127): Illuminate\\Pipeline\\Pipeline->{closure:{closure:Illuminate\\Pipeline\\Pipeline::carry():184}:185}()
#52 C:\\xampp\\htdocs\\highschool-finance\\vendor\\laravel\\framework\\src\\Illuminate\\Routing\\Router.php(807): Illuminate\\Pipeline\\Pipeline->then()
#53 C:\\xampp\\htdocs\\highschool-finance\\vendor\\laravel\\framework\\src\\Illuminate\\Routing\\Router.php(786): Illuminate\\Routing\\Router->runRouteWithinStack()
#54 C:\\xampp\\htdocs\\highschool-finance\\vendor\\laravel\\framework\\src\\Illuminate\\Routing\\Router.php(750): Illuminate\\Routing\\Router->runRoute()
#55 C:\\xampp\\htdocs\\highschool-finance\\vendor\\laravel\\framework\\src\\Illuminate\\Routing\\Router.php(739): Illuminate\\Routing\\Router->dispatchToRoute()
#56 C:\\xampp\\htdocs\\highschool-finance\\vendor\\laravel\\framework\\src\\Illuminate\\Foundation\\Http\\Kernel.php(201): Illuminate\\Routing\\Router->dispatch()
#57 C:\\xampp\\htdocs\\highschool-finance\\vendor\\laravel\\framework\\src\\Illuminate\\Pipeline\\Pipeline.php(170): Illuminate\\Foundation\\Http\\Kernel->{closure:Illuminate\\Foundation\\Http\\Kernel::dispatchToRouter():198}()
#58 C:\\xampp\\htdocs\\highschool-finance\\vendor\\laravel\\framework\\src\\Illuminate\\Foundation\\Http\\Middleware\\TransformsRequest.php(21): Illuminate\\Pipeline\\Pipeline->{closure:Illuminate\\Pipeline\\Pipeline::prepareDestination():168}()
#59 C:\\xampp\\htdocs\\highschool-finance\\vendor\\laravel\\framework\\src\\Illuminate\\Foundation\\Http\\Middleware\\ConvertEmptyStringsToNull.php(31): Illuminate\\Foundation\\Http\\Middleware\\TransformsRequest->handle()
#60 C:\\xampp\\htdocs\\highschool-finance\\vendor\\laravel\\framework\\src\\Illuminate\\Pipeline\\Pipeline.php(209): Illuminate\\Foundation\\Http\\Middleware\\ConvertEmptyStringsToNull->handle()
#61 C:\\xampp\\htdocs\\highschool-finance\\vendor\\laravel\\framework\\src\\Illuminate\\Foundation\\Http\\Middleware\\TransformsRequest.php(21): Illuminate\\Pipeline\\Pipeline->{closure:{closure:Illuminate\\Pipeline\\Pipeline::carry():184}:185}()
#62 C:\\xampp\\htdocs\\highschool-finance\\vendor\\laravel\\framework\\src\\Illuminate\\Foundation\\Http\\Middleware\\TrimStrings.php(51): Illuminate\\Foundation\\Http\\Middleware\\TransformsRequest->handle()
#63 C:\\xampp\\htdocs\\highschool-finance\\vendor\\laravel\\framework\\src\\Illuminate\\Pipeline\\Pipeline.php(209): Illuminate\\Foundation\\Http\\Middleware\\TrimStrings->handle()
#64 C:\\xampp\\htdocs\\highschool-finance\\vendor\\laravel\\framework\\src\\Illuminate\\Http\\Middleware\\ValidatePostSize.php(27): Illuminate\\Pipeline\\Pipeline->{closure:{closure:Illuminate\\Pipeline\\Pipeline::carry():184}:185}()
#65 C:\\xampp\\htdocs\\highschool-finance\\vendor\\laravel\\framework\\src\\Illuminate\\Pipeline\\Pipeline.php(209): Illuminate\\Http\\Middleware\\ValidatePostSize->handle()
#66 C:\\xampp\\htdocs\\highschool-finance\\vendor\\laravel\\framework\\src\\Illuminate\\Foundation\\Http\\Middleware\\PreventRequestsDuringMaintenance.php(110): Illuminate\\Pipeline\\Pipeline->{closure:{closure:Illuminate\\Pipeline\\Pipeline::carry():184}:185}()
#67 C:\\xampp\\htdocs\\highschool-finance\\vendor\\laravel\\framework\\src\\Illuminate\\Pipeline\\Pipeline.php(209): Illuminate\\Foundation\\Http\\Middleware\\PreventRequestsDuringMaintenance->handle()
#68 C:\\xampp\\htdocs\\highschool-finance\\vendor\\laravel\\framework\\src\\Illuminate\\Http\\Middleware\\HandleCors.php(49): Illuminate\\Pipeline\\Pipeline->{closure:{closure:Illuminate\\Pipeline\\Pipeline::carry():184}:185}()
#69 C:\\xampp\\htdocs\\highschool-finance\\vendor\\laravel\\framework\\src\\Illuminate\\Pipeline\\Pipeline.php(209): Illuminate\\Http\\Middleware\\HandleCors->handle()
#70 C:\\xampp\\htdocs\\highschool-finance\\vendor\\laravel\\framework\\src\\Illuminate\\Http\\Middleware\\TrustProxies.php(58): Illuminate\\Pipeline\\Pipeline->{closure:{closure:Illuminate\\Pipeline\\Pipeline::carry():184}:185}()
#71 C:\\xampp\\htdocs\\highschool-finance\\vendor\\laravel\\framework\\src\\Illuminate\\Pipeline\\Pipeline.php(209): Illuminate\\Http\\Middleware\\TrustProxies->handle()
#72 C:\\xampp\\htdocs\\highschool-finance\\vendor\\laravel\\framework\\src\\Illuminate\\Foundation\\Http\\Middleware\\InvokeDeferredCallbacks.php(22): Illuminate\\Pipeline\\Pipeline->{closure:{closure:Illuminate\\Pipeline\\Pipeline::carry():184}:185}()
#73 C:\\xampp\\htdocs\\highschool-finance\\vendor\\laravel\\framework\\src\\Illuminate\\Pipeline\\Pipeline.php(209): Illuminate\\Foundation\\Http\\Middleware\\InvokeDeferredCallbacks->handle()
#74 C:\\xampp\\htdocs\\highschool-finance\\vendor\\laravel\\framework\\src\\Illuminate\\Pipeline\\Pipeline.php(127): Illuminate\\Pipeline\\Pipeline->{closure:{closure:Illuminate\\Pipeline\\Pipeline::carry():184}:185}()
#75 C:\\xampp\\htdocs\\highschool-finance\\vendor\\laravel\\framework\\src\\Illuminate\\Foundation\\Http\\Kernel.php(176): Illuminate\\Pipeline\\Pipeline->then()
#76 C:\\xampp\\htdocs\\highschool-finance\\vendor\\laravel\\framework\\src\\Illuminate\\Foundation\\Http\\Kernel.php(145): Illuminate\\Foundation\\Http\\Kernel->sendRequestThroughRouter()
#77 C:\\xampp\\htdocs\\highschool-finance\\vendor\\laravel\\framework\\src\\Illuminate\\Foundation\\Application.php(1220): Illuminate\\Foundation\\Http\\Kernel->handle()
#78 C:\\xampp\\htdocs\\highschool-finance\\public\\index.php(17): Illuminate\\Foundation\\Application->handleRequest()
#79 C:\\xampp\\htdocs\\highschool-finance\\vendor\\laravel\\framework\\src\\Illuminate\\Foundation\\resources\\server.php(23): require_once('...')
#80 {main}

Backup failed because: The dump process failed with a none successful exitcode.
Exitcode
========
2: Misuse of shell builtins

Output
======
<no output>

Error Output
============
mysqldump: Got error: 2004: \"Can't create TCP/IP socket (10106)\" when trying to connect

.

"} 
[2026-06-02 05:10:07] local.ERROR: Too few arguments to function Spatie\DbDumper\DbDumper::excludeTables(), 0 passed in C:\xampp\htdocs\highschool-finance\vendor\spatie\laravel-backup\src\Tasks\Backup\DbDumperFactory.php on line 125 and exactly 1 expected {"exception":"[object] (ArgumentCountError(code: 0): Too few arguments to function Spatie\\DbDumper\\DbDumper::excludeTables(), 0 passed in C:\\xampp\\htdocs\\highschool-finance\\vendor\\spatie\\laravel-backup\\src\\Tasks\\Backup\\DbDumperFactory.php on line 125 and exactly 1 expected at C:/xampp/htdocs/highschool-finance/vendor/spatie/db-dumper/src/DbDumper.php:162)
[stacktrace]
#0 C:/xampp/htdocs/highschool-finance/vendor/spatie/laravel-backup/src/Tasks/Backup/DbDumperFactory.php(125): Spatie/DbDumper/DbDumper->excludeTables()
#1 C:/xampp/htdocs/highschool-finance/vendor/spatie/laravel-backup/src/Tasks/Backup/DbDumperFactory.php(115): Spatie/Backup/Tasks/Backup/DbDumperFactory::callMethodOnDumper()
#2 C:/xampp/htdocs/highschool-finance/vendor/laravel/framework/src/Illuminate/Collections/Traits/EnumeratesValues.php(261): Spatie/Backup/Tasks/Backup/DbDumperFactory::{closure:Spatie/Backup/Tasks/Backup/DbDumperFactory::processExtraDumpParameters():108}()
#3 C:/xampp/htdocs/highschool-finance/vendor/spatie/laravel-backup/src/Tasks/Backup/DbDumperFactory.php(108): Illuminate/Support/Collection->each()
#4 C:/xampp/htdocs/highschool-finance/vendor/spatie/laravel-backup/src/Tasks/Backup/DbDumperFactory.php(72): Spatie/Backup/Tasks/Backup/DbDumperFactory::processExtraDumpParameters()
#5 C:/xampp/htdocs/highschool-finance/vendor/spatie/laravel-backup/src/Tasks/Backup/BackupJobFactory.php(36): Spatie/Backup/Tasks/Backup/DbDumperFactory::createFromConnection()
#6 C:/xampp/htdocs/highschool-finance/vendor/laravel/framework/src/Illuminate/Collections/Arr.php(636): Spatie/Backup/Tasks/Backup/BackupJobFactory::{closure:Spatie/Backup/Tasks/Backup/BackupJobFactory::createDbDumpers():36}()
#7 C:/xampp/htdocs/highschool-finance/vendor/laravel/framework/src/Illuminate/Collections/Collection.php(847): Illuminate/Support/Arr::mapWithKeys()
#8 C:/xampp/htdocs/highschool-finance/vendor/spatie/laravel-backup/src/Tasks/Backup/BackupJobFactory.php(35): Illuminate/Support/Collection->mapWithKeys()
#9 C:/xampp/htdocs/highschool-finance/vendor/spatie/laravel-backup/src/Tasks/Backup/BackupJobFactory.php(17): Spatie/Backup/Tasks/Backup/BackupJobFactory::createDbDumpers()
#10 C:/xampp/htdocs/highschool-finance/vendor/spatie/laravel-backup/src/Commands/BackupCommand.php(40): Spatie/Backup/Tasks/Backup/BackupJobFactory::createFromConfig()
#11 C:/xampp/htdocs/highschool-finance/vendor/laravel/framework/src/Illuminate/Container/BoundMethod.php(36): Spatie/Backup/Commands/BackupCommand->handle()
#12 C:/xampp/htdocs/highschool-finance/vendor/laravel/framework/src/Illuminate/Container/Util.php(43): Illuminate/Container/BoundMethod::{closure:Illuminate/Container/BoundMethod::call():35}()
#13 C:/xampp/htdocs/highschool-finance/vendor/laravel/framework/src/Illuminate/Container/BoundMethod.php(95): Illuminate/Container/Util::unwrapIfClosure()
#14 C:/xampp/htdocs/highschool-finance/vendor/laravel/framework/src/Illuminate/Container/BoundMethod.php(35): Illuminate/Container/BoundMethod::callBoundMethod()
#15 C:/xampp/htdocs/highschool-finance/vendor/laravel/framework/src/Illuminate/Container/Container.php(696): Illuminate/Container/BoundMethod::call()
#16 C:/xampp/htdocs/highschool-finance/vendor/laravel/framework/src/Illuminate/Console/Command.php(213): Illuminate/Container/Container->call()
#17 C:/xampp/htdocs/highschool-finance/vendor/symfony/console/Command/Command.php(341): Illuminate/Console/Command->execute()
#18 C:/xampp/htdocs/highschool-finance/vendor/laravel/framework/src/Illuminate/Console/Command.php(182): Symfony/Component/Console/Command/Command->run()
#19 C:/xampp/htdocs/highschool-finance/vendor/spatie/laravel-backup/src/Commands/BaseCommand.php(29): Illuminate/Console/Command->run()
#20 C:/xampp/htdocs/highschool-finance/vendor/symfony/console/Application.php(1117): Spatie/Backup/Commands/BaseCommand->run()
#21 C:/xampp/htdocs/highschool-finance/vendor/symfony/console/Application.php(356): Symfony/Component/Console/Application->doRunCommand()
#22 C:/xampp/htdocs/highschool-finance/vendor/symfony/console/Application.php(195): Symfony/Component/Console/Application->doRun()
#23 C:/xampp/htdocs/highschool-finance/vendor/laravel/framework/src/Illuminate/Foundation/Console/Kernel.php(198): Symfony/Component/Console/Application->run()
#24 C:/xampp/htdocs/highschool-finance/vendor/laravel/framework/src/Illuminate/Foundation/Application.php(1235): Illuminate/Foundation/Console/Kernel->handle()
#25 C:/xampp/htdocs/highschool-finance/artisan(13): Illuminate/Foundation/Application->handleCommand()
#26 {main}
"} 
[2026-06-02 05:10:42] local.ERROR: Too few arguments to function Spatie\DbDumper\DbDumper::excludeTables(), 0 passed in C:\xampp\htdocs\highschool-finance\vendor\spatie\laravel-backup\src\Tasks\Backup\DbDumperFactory.php on line 125 and exactly 1 expected {"exception":"[object] (ArgumentCountError(code: 0): Too few arguments to function Spatie\\DbDumper\\DbDumper::excludeTables(), 0 passed in C:\\xampp\\htdocs\\highschool-finance\\vendor\\spatie\\laravel-backup\\src\\Tasks\\Backup\\DbDumperFactory.php on line 125 and exactly 1 expected at C:/xampp/htdocs/highschool-finance/vendor/spatie/db-dumper/src/DbDumper.php:162)
[stacktrace]
#0 C:/xampp/htdocs/highschool-finance/vendor/spatie/laravel-backup/src/Tasks/Backup/DbDumperFactory.php(125): Spatie/DbDumper/DbDumper->excludeTables()
#1 C:/xampp/htdocs/highschool-finance/vendor/spatie/laravel-backup/src/Tasks/Backup/DbDumperFactory.php(115): Spatie/Backup/Tasks/Backup/DbDumperFactory::callMethodOnDumper()
#2 C:/xampp/htdocs/highschool-finance/vendor/laravel/framework/src/Illuminate/Collections/Traits/EnumeratesValues.php(261): Spatie/Backup/Tasks/Backup/DbDumperFactory::{closure:Spatie/Backup/Tasks/Backup/DbDumperFactory::processExtraDumpParameters():108}()
#3 C:/xampp/htdocs/highschool-finance/vendor/spatie/laravel-backup/src/Tasks/Backup/DbDumperFactory.php(108): Illuminate/Support/Collection->each()
#4 C:/xampp/htdocs/highschool-finance/vendor/spatie/laravel-backup/src/Tasks/Backup/DbDumperFactory.php(72): Spatie/Backup/Tasks/Backup/DbDumperFactory::processExtraDumpParameters()
#5 C:/xampp/htdocs/highschool-finance/vendor/spatie/laravel-backup/src/Tasks/Backup/BackupJobFactory.php(36): Spatie/Backup/Tasks/Backup/DbDumperFactory::createFromConnection()
#6 C:/xampp/htdocs/highschool-finance/vendor/laravel/framework/src/Illuminate/Collections/Arr.php(636): Spatie/Backup/Tasks/Backup/BackupJobFactory::{closure:Spatie/Backup/Tasks/Backup/BackupJobFactory::createDbDumpers():36}()
#7 C:/xampp/htdocs/highschool-finance/vendor/laravel/framework/src/Illuminate/Collections/Collection.php(847): Illuminate/Support/Arr::mapWithKeys()
#8 C:/xampp/htdocs/highschool-finance/vendor/spatie/laravel-backup/src/Tasks/Backup/BackupJobFactory.php(35): Illuminate/Support/Collection->mapWithKeys()
#9 C:/xampp/htdocs/highschool-finance/vendor/spatie/laravel-backup/src/Tasks/Backup/BackupJobFactory.php(17): Spatie/Backup/Tasks/Backup/BackupJobFactory::createDbDumpers()
#10 C:/xampp/htdocs/highschool-finance/vendor/spatie/laravel-backup/src/Commands/BackupCommand.php(40): Spatie/Backup/Tasks/Backup/BackupJobFactory::createFromConfig()
#11 C:/xampp/htdocs/highschool-finance/vendor/laravel/framework/src/Illuminate/Container/BoundMethod.php(36): Spatie/Backup/Commands/BackupCommand->handle()
#12 C:/xampp/htdocs/highschool-finance/vendor/laravel/framework/src/Illuminate/Container/Util.php(43): Illuminate/Container/BoundMethod::{closure:Illuminate/Container/BoundMethod::call():35}()
#13 C:/xampp/htdocs/highschool-finance/vendor/laravel/framework/src/Illuminate/Container/BoundMethod.php(95): Illuminate/Container/Util::unwrapIfClosure()
#14 C:/xampp/htdocs/highschool-finance/vendor/laravel/framework/src/Illuminate/Container/BoundMethod.php(35): Illuminate/Container/BoundMethod::callBoundMethod()
#15 C:/xampp/htdocs/highschool-finance/vendor/laravel/framework/src/Illuminate/Container/Container.php(696): Illuminate/Container/BoundMethod::call()
#16 C:/xampp/htdocs/highschool-finance/vendor/laravel/framework/src/Illuminate/Console/Command.php(213): Illuminate/Container/Container->call()
#17 C:/xampp/htdocs/highschool-finance/vendor/symfony/console/Command/Command.php(341): Illuminate/Console/Command->execute()
#18 C:/xampp/htdocs/highschool-finance/vendor/laravel/framework/src/Illuminate/Console/Command.php(182): Symfony/Component/Console/Command/Command->run()
#19 C:/xampp/htdocs/highschool-finance/vendor/spatie/laravel-backup/src/Commands/BaseCommand.php(29): Illuminate/Console/Command->run()
#20 C:/xampp/htdocs/highschool-finance/vendor/symfony/console/Application.php(1117): Spatie/Backup/Commands/BaseCommand->run()
#21 C:/xampp/htdocs/highschool-finance/vendor/symfony/console/Application.php(356): Symfony/Component/Console/Application->doRunCommand()
#22 C:/xampp/htdocs/highschool-finance/vendor/symfony/console/Application.php(195): Symfony/Component/Console/Application->doRun()
#23 C:/xampp/htdocs/highschool-finance/vendor/laravel/framework/src/Illuminate/Foundation/Console/Kernel.php(198): Symfony/Component/Console/Application->run()
#24 C:/xampp/htdocs/highschool-finance/vendor/laravel/framework/src/Illuminate/Foundation/Application.php(1235): Illuminate/Foundation/Console/Kernel->handle()
#25 C:/xampp/htdocs/highschool-finance/artisan(13): Illuminate/Foundation/Application->handleCommand()
#26 {main}
"} 
[2026-06-02 05:12:33] local.ERROR: Route [finance.classes] not defined. (View: C:\xampp\htdocs\highschool-finance\resources\views\finance\summary.blade.php) {"userId":1,"exception":"[object] (Illuminate\\View\\ViewException(code: 0): Route [finance.classes] not defined. (View: C:\\xampp\\htdocs\\highschool-finance\\resources\\views\\finance\\summary.blade.php) at C:/xampp/htdocs/highschool-finance/vendor/laravel/framework/src/Illuminate/Routing/UrlGenerator.php:517)
[stacktrace]
#0 C:/xampp/htdocs/highschool-finance/vendor/laravel/framework/src/Illuminate/View/Engines/PhpEngine.php(60): Illuminate/View/Engines/CompilerEngine->handleViewException()
#1 C:/xampp/htdocs/highschool-finance/vendor/laravel/framework/src/Illuminate/View/Engines/CompilerEngine.php(75): Illuminate/View/Engines/PhpEngine->evaluatePath()
#2 C:/xampp/htdocs/highschool-finance/vendor/laravel/framework/src/Illuminate/View/View.php(209): Illuminate/View/Engines/CompilerEngine->get()
#3 C:/xampp/htdocs/highschool-finance/vendor/laravel/framework/src/Illuminate/View/View.php(192): Illuminate/View/View->getContents()
#4 C:/xampp/htdocs/highschool-finance/vendor/laravel/framework/src/Illuminate/View/View.php(161): Illuminate/View/View->renderContents()
#5 C:/xampp/htdocs/highschool-finance/vendor/laravel/framework/src/Illuminate/Http/Response.php(79): Illuminate/View/View->render()
#6 C:/xampp/htdocs/highschool-finance/vendor/laravel/framework/src/Illuminate/Http/Response.php(35): Illuminate/Http/Response->setContent()
#7 C:/xampp/htdocs/highschool-finance/vendor/laravel/framework/src/Illuminate/Routing/Router.php(920): Illuminate/Http/Response->__construct()
#8 C:/xampp/htdocs/highschool-finance/vendor/laravel/framework/src/Illuminate/Routing/Router.php(887): Illuminate/Routing/Router::toResponse()
#9 C:/xampp/htdocs/highschool-finance/vendor/laravel/framework/src/Illuminate/Routing/Router.php(807): Illuminate/Routing/Router->prepareResponse()
#10 C:/xampp/htdocs/highschool-finance/vendor/laravel/framework/src/Illuminate/Pipeline/Pipeline.php(170): Illuminate/Routing/Router->{closure:Illuminate/Routing/Router::runRouteWithinStack():807}()
#11 C:/xampp/htdocs/highschool-finance/vendor/spatie/laravel-permission/src/Middleware/PermissionMiddleware.php(37): Illuminate/Pipeline/Pipeline->{closure:Illuminate/Pipeline/Pipeline::prepareDestination():168}()
#12 C:/xampp/htdocs/highschool-finance/vendor/laravel/framework/src/Illuminate/Pipeline/Pipeline.php(209): Spatie/Permission/Middleware/PermissionMiddleware->handle()
#13 C:/xampp/htdocs/highschool-finance/vendor/laravel/framework/src/Illuminate/Auth/Middleware/EnsureEmailIsVerified.php(41): Illuminate/Pipeline/Pipeline->{closure:{closure:Illuminate/Pipeline/Pipeline::carry():184}:185}()
#14 C:/xampp/htdocs/highschool-finance/vendor/laravel/framework/src/Illuminate/Pipeline/Pipeline.php(209): Illuminate/Auth/Middleware/EnsureEmailIsVerified->handle()
#15 C:/xampp/htdocs/highschool-finance/vendor/laravel/framework/src/Illuminate/Routing/Middleware/SubstituteBindings.php(51): Illuminate/Pipeline/Pipeline->{closure:{closure:Illuminate/Pipeline/Pipeline::carry():184}:185}()
#16 C:/xampp/htdocs/highschool-finance/vendor/laravel/framework/src/Illuminate/Pipeline/Pipeline.php(209): Illuminate/Routing/Middleware/SubstituteBindings->handle()
#17 C:/xampp/htdocs/highschool-finance/vendor/laravel/framework/src/Illuminate/Auth/Middleware/Authenticate.php(64): Illuminate/Pipeline/Pipeline->{closure:{closure:Illuminate/Pipeline/Pipeline::carry():184}:185}()
#18 C:/xampp/htdocs/highschool-finance/vendor/laravel/framework/src/Illuminate/Pipeline/Pipeline.php(209): Illuminate/Auth/Middleware/Authenticate->handle()
#19 C:/xampp/htdocs/highschool-finance/vendor/laravel/framework/src/Illuminate/Foundation/Http/Middleware/VerifyCsrfToken.php(88): Illuminate/Pipeline/Pipeline->{closure:{closure:Illuminate/Pipeline/Pipeline::carry():184}:185}()
#20 C:/xampp/htdocs/highschool-finance/vendor/laravel/framework/src/Illuminate/Pipeline/Pipeline.php(209): Illuminate/Foundation/Http/Middleware/VerifyCsrfToken->handle()
#21 C:/xampp/htdocs/highschool-finance/vendor/laravel/framework/src/Illuminate/View/Middleware/ShareErrorsFromSession.php(49): Illuminate/Pipeline/Pipeline->{closure:{closure:Illuminate/Pipeline/Pipeline::carry():184}:185}()
#22 C:/xampp/htdocs/highschool-finance/vendor/laravel/framework/src/Illuminate/Pipeline/Pipeline.php(209): Illuminate/View/Middleware/ShareErrorsFromSession->handle()
#23 C:/xampp/htdocs/highschool-finance/vendor/laravel/framework/src/Illuminate/Session/Middleware/StartSession.php(121): Illuminate/Pipeline/Pipeline->{closure:{closure:Illuminate/Pipeline/Pipeline::carry():184}:185}()
#24 C:/xampp/htdocs/highschool-finance/vendor/laravel/framework/src/Illuminate/Session/Middleware/StartSession.php(64): Illuminate/Session/Middleware/StartSession->handleStatefulRequest()
#25 C:/xampp/htdocs/highschool-finance/vendor/laravel/framework/src/Illuminate/Pipeline/Pipeline.php(209): Illuminate/Session/Middleware/StartSession->handle()
#26 C:/xampp/htdocs/highschool-finance/vendor/laravel/framework/src/Illuminate/Cookie/Middleware/AddQueuedCookiesToResponse.php(37): Illuminate/Pipeline/Pipeline->{closure:{closure:Illuminate/Pipeline/Pipeline::carry():184}:185}()
#27 C:/xampp/htdocs/highschool-finance/vendor/laravel/framework/src/Illuminate/Pipeline/Pipeline.php(209): Illuminate/Cookie/Middleware/AddQueuedCookiesToResponse->handle()
#28 C:/xampp/htdocs/highschool-finance/vendor/laravel/framework/src/Illuminate/Cookie/Middleware/EncryptCookies.php(75): Illuminate/Pipeline/Pipeline->{closure:{closure:Illuminate/Pipeline/Pipeline::carry():184}:185}()
#29 C:/xampp/htdocs/highschool-finance/vendor/laravel/framework/src/Illuminate/Pipeline/Pipeline.php(209): Illuminate/Cookie/Middleware/EncryptCookies->handle()
#30 C:/xampp/htdocs/highschool-finance/vendor/laravel/framework/src/Illuminate/Pipeline/Pipeline.php(127): Illuminate/Pipeline/Pipeline->{closure:{closure:Illuminate/Pipeline/Pipeline::carry():184}:185}()
#31 C:/xampp/htdocs/highschool-finance/vendor/laravel/framework/src/Illuminate/Routing/Router.php(807): Illuminate/Pipeline/Pipeline->then()
#32 C:/xampp/htdocs/highschool-finance/vendor/laravel/framework/src/Illuminate/Routing/Router.php(786): Illuminate/Routing/Router->runRouteWithinStack()
#33 C:/xampp/htdocs/highschool-finance/vendor/laravel/framework/src/Illuminate/Routing/Router.php(750): Illuminate/Routing/Router->runRoute()
#34 C:/xampp/htdocs/highschool-finance/vendor/laravel/framework/src/Illuminate/Routing/Router.php(739): Illuminate/Routing/Router->dispatchToRoute()
#35 C:/xampp/htdocs/highschool-finance/vendor/laravel/framework/src/Illuminate/Foundation/Http/Kernel.php(201): Illuminate/Routing/Router->dispatch()
#36 C:/xampp/htdocs/highschool-finance/vendor/laravel/framework/src/Illuminate/Pipeline/Pipeline.php(170): Illuminate/Foundation/Http/Kernel->{closure:Illuminate/Foundation/Http/Kernel::dispatchToRouter():198}()
#37 C:/xampp/htdocs/highschool-finance/vendor/laravel/framework/src/Illuminate/Foundation/Http/Middleware/TransformsRequest.php(21): Illuminate/Pipeline/Pipeline->{closure:Illuminate/Pipeline/Pipeline::prepareDestination():168}()
#38 C:/xampp/htdocs/highschool-finance/vendor/laravel/framework/src/Illuminate/Foundation/Http/Middleware/ConvertEmptyStringsToNull.php(31): Illuminate/Foundation/Http/Middleware/TransformsRequest->handle()
#39 C:/xampp/htdocs/highschool-finance/vendor/laravel/framework/src/Illuminate/Pipeline/Pipeline.php(209): Illuminate/Foundation/Http/Middleware/ConvertEmptyStringsToNull->handle()
#40 C:/xampp/htdocs/highschool-finance/vendor/laravel/framework/src/Illuminate/Foundation/Http/Middleware/TransformsRequest.php(21): Illuminate/Pipeline/Pipeline->{closure:{closure:Illuminate/Pipeline/Pipeline::carry():184}:185}()
#41 C:/xampp/htdocs/highschool-finance/vendor/laravel/framework/src/Illuminate/Foundation/Http/Middleware/TrimStrings.php(51): Illuminate/Foundation/Http/Middleware/TransformsRequest->handle()
#42 C:/xampp/htdocs/highschool-finance/vendor/laravel/framework/src/Illuminate/Pipeline/Pipeline.php(209): Illuminate/Foundation/Http/Middleware/TrimStrings->handle()
#43 C:/xampp/htdocs/highschool-finance/vendor/laravel/framework/src/Illuminate/Http/Middleware/ValidatePostSize.php(27): Illuminate/Pipeline/Pipeline->{closure:{closure:Illuminate/Pipeline/Pipeline::carry():184}:185}()
#44 C:/xampp/htdocs/highschool-finance/vendor/laravel/framework/src/Illuminate/Pipeline/Pipeline.php(209): Illuminate/Http/Middleware/ValidatePostSize->handle()
#45 C:/xampp/htdocs/highschool-finance/vendor/laravel/framework/src/Illuminate/Foundation/Http/Middleware/PreventRequestsDuringMaintenance.php(110): Illuminate/Pipeline/Pipeline->{closure:{closure:Illuminate/Pipeline/Pipeline::carry():184}:185}()
#46 C:/xampp/htdocs/highschool-finance/vendor/laravel/framework/src/Illuminate/Pipeline/Pipeline.php(209): Illuminate/Foundation/Http/Middleware/PreventRequestsDuringMaintenance->handle()
#47 C:/xampp/htdocs/highschool-finance/vendor/laravel/framework/src/Illuminate/Http/Middleware/HandleCors.php(49): Illuminate/Pipeline/Pipeline->{closure:{closure:Illuminate/Pipeline/Pipeline::carry():184}:185}()
#48 C:/xampp/htdocs/highschool-finance/vendor/laravel/framework/src/Illuminate/Pipeline/Pipeline.php(209): Illuminate/Http/Middleware/HandleCors->handle()
#49 C:/xampp/htdocs/highschool-finance/vendor/laravel/framework/src/Illuminate/Http/Middleware/TrustProxies.php(58): Illuminate/Pipeline/Pipeline->{closure:{closure:Illuminate/Pipeline/Pipeline::carry():184}:185}()
#50 C:/xampp/htdocs/highschool-finance/vendor/laravel/framework/src/Illuminate/Pipeline/Pipeline.php(209): Illuminate/Http/Middleware/TrustProxies->handle()
#51 C:/xampp/htdocs/highschool-finance/vendor/laravel/framework/src/Illuminate/Foundation/Http/Middleware/InvokeDeferredCallbacks.php(22): Illuminate/Pipeline/Pipeline->{closure:{closure:Illuminate/Pipeline/Pipeline::carry():184}:185}()
#52 C:/xampp/htdocs/highschool-finance/vendor/laravel/framework/src/Illuminate/Pipeline/Pipeline.php(209): Illuminate/Foundation/Http/Middleware/InvokeDeferredCallbacks->handle()
#53 C:/xampp/htdocs/highschool-finance/vendor/laravel/framework/src/Illuminate/Pipeline/Pipeline.php(127): Illuminate/Pipeline/Pipeline->{closure:{closure:Illuminate/Pipeline/Pipeline::carry():184}:185}()
#54 C:/xampp/htdocs/highschool-finance/vendor/laravel/framework/src/Illuminate/Foundation/Http/Kernel.php(176): Illuminate/Pipeline/Pipeline->then()
#55 C:/xampp/htdocs/highschool-finance/vendor/laravel/framework/src/Illuminate/Foundation/Http/Kernel.php(145): Illuminate/Foundation/Http/Kernel->sendRequestThroughRouter()
#56 C:/xampp/htdocs/highschool-finance/vendor/laravel/framework/src/Illuminate/Foundation/Application.php(1220): Illuminate/Foundation/Http/Kernel->handle()
#57 C:/xampp/htdocs/highschool-finance/public/index.php(17): Illuminate/Foundation/Application->handleRequest()
#58 C:/xampp/htdocs/highschool-finance/vendor/laravel/framework/src/Illuminate/Foundation/resources/server.php(23): require_once('...')
#59 {main}

[previous exception] [object] (Symfony\\Component\\Routing\\Exception\\RouteNotFoundException(code: 0): Route [finance.classes] not defined. at C:/xampp/htdocs/highschool-finance/vendor/laravel/framework/src/Illuminate/Routing/UrlGenerator.php:517)
[stacktrace]
#0 C:/xampp/htdocs/highschool-finance/vendor/laravel/framework/src/Illuminate/Foundation/helpers.php(853): Illuminate/Routing/UrlGenerator->route()
#1 C:/xampp/htdocs/highschool-finance/storage/framework/views/af855d2550ea827d7f208c000babaae4.php(144): route()
#2 C:/xampp/htdocs/highschool-finance/vendor/laravel/framework/src/Illuminate/Filesystem/Filesystem.php(123): require('...')
#3 C:/xampp/htdocs/highschool-finance/vendor/laravel/framework/src/Illuminate/Filesystem/Filesystem.php(124): Illuminate/Filesystem/Filesystem::{closure:Illuminate/Filesystem/Filesystem::getRequire():120}()
#4 C:/xampp/htdocs/highschool-finance/vendor/laravel/framework/src/Illuminate/View/Engines/PhpEngine.php(58): Illuminate/Filesystem/Filesystem->getRequire()
#5 C:/xampp/htdocs/highschool-finance/vendor/laravel/framework/src/Illuminate/View/Engines/CompilerEngine.php(75): Illuminate/View/Engines/PhpEngine->evaluatePath()
#6 C:/xampp/htdocs/highschool-finance/vendor/laravel/framework/src/Illuminate/View/View.php(209): Illuminate/View/Engines/CompilerEngine->get()
#7 C:/xampp/htdocs/highschool-finance/vendor/laravel/framework/src/Illuminate/View/View.php(192): Illuminate/View/View->getContents()
#8 C:/xampp/htdocs/highschool-finance/vendor/laravel/framework/src/Illuminate/View/View.php(161): Illuminate/View/View->renderContents()
#9 C:/xampp/htdocs/highschool-finance/vendor/laravel/framework/src/Illuminate/Http/Response.php(79): Illuminate/View/View->render()
#10 C:/xampp/htdocs/highschool-finance/vendor/laravel/framework/src/Illuminate/Http/Response.php(35): Illuminate/Http/Response->setContent()
#11 C:/xampp/htdocs/highschool-finance/vendor/laravel/framework/src/Illuminate/Routing/Router.php(920): Illuminate/Http/Response->__construct()
#12 C:/xampp/htdocs/highschool-finance/vendor/laravel/framework/src/Illuminate/Routing/Router.php(887): Illuminate/Routing/Router::toResponse()
#13 C:/xampp/htdocs/highschool-finance/vendor/laravel/framework/src/Illuminate/Routing/Router.php(807): Illuminate/Routing/Router->prepareResponse()
#14 C:/xampp/htdocs/highschool-finance/vendor/laravel/framework/src/Illuminate/Pipeline/Pipeline.php(170): Illuminate/Routing/Router->{closure:Illuminate/Routing/Router::runRouteWithinStack():807}()
#15 C:/xampp/htdocs/highschool-finance/vendor/spatie/laravel-permission/src/Middleware/PermissionMiddleware.php(37): Illuminate/Pipeline/Pipeline->{closure:Illuminate/Pipeline/Pipeline::prepareDestination():168}()
#16 C:/xampp/htdocs/highschool-finance/vendor/laravel/framework/src/Illuminate/Pipeline/Pipeline.php(209): Spatie/Permission/Middleware/PermissionMiddleware->handle()
#17 C:/xampp/htdocs/highschool-finance/vendor/laravel/framework/src/Illuminate/Auth/Middleware/EnsureEmailIsVerified.php(41): Illuminate/Pipeline/Pipeline->{closure:{closure:Illuminate/Pipeline/Pipeline::carry():184}:185}()
#18 C:/xampp/htdocs/highschool-finance/vendor/laravel/framework/src/Illuminate/Pipeline/Pipeline.php(209): Illuminate/Auth/Middleware/EnsureEmailIsVerified->handle()
#19 C:/xampp/htdocs/highschool-finance/vendor/laravel/framework/src/Illuminate/Routing/Middleware/SubstituteBindings.php(51): Illuminate/Pipeline/Pipeline->{closure:{closure:Illuminate/Pipeline/Pipeline::carry():184}:185}()
#20 C:/xampp/htdocs/highschool-finance/vendor/laravel/framework/src/Illuminate/Pipeline/Pipeline.php(209): Illuminate/Routing/Middleware/SubstituteBindings->handle()
#21 C:/xampp/htdocs/highschool-finance/vendor/laravel/framework/src/Illuminate/Auth/Middleware/Authenticate.php(64): Illuminate/Pipeline/Pipeline->{closure:{closure:Illuminate/Pipeline/Pipeline::carry():184}:185}()
#22 C:/xampp/htdocs/highschool-finance/vendor/laravel/framework/src/Illuminate/Pipeline/Pipeline.php(209): Illuminate/Auth/Middleware/Authenticate->handle()
#23 C:/xampp/htdocs/highschool-finance/vendor/laravel/framework/src/Illuminate/Foundation/Http/Middleware/VerifyCsrfToken.php(88): Illuminate/Pipeline/Pipeline->{closure:{closure:Illuminate/Pipeline/Pipeline::carry():184}:185}()
#24 C:/xampp/htdocs/highschool-finance/vendor/laravel/framework/src/Illuminate/Pipeline/Pipeline.php(209): Illuminate/Foundation/Http/Middleware/VerifyCsrfToken->handle()
#25 C:/xampp/htdocs/highschool-finance/vendor/laravel/framework/src/Illuminate/View/Middleware/ShareErrorsFromSession.php(49): Illuminate/Pipeline/Pipeline->{closure:{closure:Illuminate/Pipeline/Pipeline::carry():184}:185}()
#26 C:/xampp/htdocs/highschool-finance/vendor/laravel/framework/src/Illuminate/Pipeline/Pipeline.php(209): Illuminate/View/Middleware/ShareErrorsFromSession->handle()
#27 C:/xampp/htdocs/highschool-finance/vendor/laravel/framework/src/Illuminate/Session/Middleware/StartSession.php(121): Illuminate/Pipeline/Pipeline->{closure:{closure:Illuminate/Pipeline/Pipeline::carry():184}:185}()
#28 C:/xampp/htdocs/highschool-finance/vendor/laravel/framework/src/Illuminate/Session/Middleware/StartSession.php(64): Illuminate/Session/Middleware/StartSession->handleStatefulRequest()
#29 C:/xampp/htdocs/highschool-finance/vendor/laravel/framework/src/Illuminate/Pipeline/Pipeline.php(209): Illuminate/Session/Middleware/StartSession->handle()
#30 C:/xampp/htdocs/highschool-finance/vendor/laravel/framework/src/Illuminate/Cookie/Middleware/AddQueuedCookiesToResponse.php(37): Illuminate/Pipeline/Pipeline->{closure:{closure:Illuminate/Pipeline/Pipeline::carry():184}:185}()
#31 C:/xampp/htdocs/highschool-finance/vendor/laravel/framework/src/Illuminate/Pipeline/Pipeline.php(209): Illuminate/Cookie/Middleware/AddQueuedCookiesToResponse->handle()
#32 C:/xampp/htdocs/highschool-finance/vendor/laravel/framework/src/Illuminate/Cookie/Middleware/EncryptCookies.php(75): Illuminate/Pipeline/Pipeline->{closure:{closure:Illuminate/Pipeline/Pipeline::carry():184}:185}()
#33 C:/xampp/htdocs/highschool-finance/vendor/laravel/framework/src/Illuminate/Pipeline/Pipeline.php(209): Illuminate/Cookie/Middleware/EncryptCookies->handle()
#34 C:/xampp/htdocs/highschool-finance/vendor/laravel/framework/src/Illuminate/Pipeline/Pipeline.php(127): Illuminate/Pipeline/Pipeline->{closure:{closure:Illuminate/Pipeline/Pipeline::carry():184}:185}()
#35 C:/xampp/htdocs/highschool-finance/vendor/laravel/framework/src/Illuminate/Routing/Router.php(807): Illuminate/Pipeline/Pipeline->then()
#36 C:/xampp/htdocs/highschool-finance/vendor/laravel/framework/src/Illuminate/Routing/Router.php(786): Illuminate/Routing/Router->runRouteWithinStack()
#37 C:/xampp/htdocs/highschool-finance/vendor/laravel/framework/src/Illuminate/Routing/Router.php(750): Illuminate/Routing/Router->runRoute()
#38 C:/xampp/htdocs/highschool-finance/vendor/laravel/framework/src/Illuminate/Routing/Router.php(739): Illuminate/Routing/Router->dispatchToRoute()
#39 C:/xampp/htdocs/highschool-finance/vendor/laravel/framework/src/Illuminate/Foundation/Http/Kernel.php(201): Illuminate/Routing/Router->dispatch()
#40 C:/xampp/htdocs/highschool-finance/vendor/laravel/framework/src/Illuminate/Pipeline/Pipeline.php(170): Illuminate/Foundation/Http/Kernel->{closure:Illuminate/Foundation/Http/Kernel::dispatchToRouter():198}()
#41 C:/xampp/htdocs/highschool-finance/vendor/laravel/framework/src/Illuminate/Foundation/Http/Middleware/TransformsRequest.php(21): Illuminate/Pipeline/Pipeline->{closure:Illuminate/Pipeline/Pipeline::prepareDestination():168}()
#42 C:/xampp/htdocs/highschool-finance/vendor/laravel/framework/src/Illuminate/Foundation/Http/Middleware/ConvertEmptyStringsToNull.php(31): Illuminate/Foundation/Http/Middleware/TransformsRequest->handle()
#43 C:/xampp/htdocs/highschool-finance/vendor/laravel/framework/src/Illuminate/Pipeline/Pipeline.php(209): Illuminate/Foundation/Http/Middleware/ConvertEmptyStringsToNull->handle()
#44 C:/xampp/htdocs/highschool-finance/vendor/laravel/framework/src/Illuminate/Foundation/Http/Middleware/TransformsRequest.php(21): Illuminate/Pipeline/Pipeline->{closure:{closure:Illuminate/Pipeline/Pipeline::carry():184}:185}()
#45 C:/xampp/htdocs/highschool-finance/vendor/laravel/framework/src/Illuminate/Foundation/Http/Middleware/TrimStrings.php(51): Illuminate/Foundation/Http/Middleware/TransformsRequest->handle()
#46 C:/xampp/htdocs/highschool-finance/vendor/laravel/framework/src/Illuminate/Pipeline/Pipeline.php(209): Illuminate/Foundation/Http/Middleware/TrimStrings->handle()
#47 C:/xampp/htdocs/highschool-finance/vendor/laravel/framework/src/Illuminate/Http/Middleware/ValidatePostSize.php(27): Illuminate/Pipeline/Pipeline->{closure:{closure:Illuminate/Pipeline/Pipeline::carry():184}:185}()
#48 C:/xampp/htdocs/highschool-finance/vendor/laravel/framework/src/Illuminate/Pipeline/Pipeline.php(209): Illuminate/Http/Middleware/ValidatePostSize->handle()
#49 C:/xampp/htdocs/highschool-finance/vendor/laravel/framework/src/Illuminate/Foundation/Http/Middleware/PreventRequestsDuringMaintenance.php(110): Illuminate/Pipeline/Pipeline->{closure:{closure:Illuminate/Pipeline/Pipeline::carry():184}:185}()
#50 C:/xampp/htdocs/highschool-finance/vendor/laravel/framework/src/Illuminate/Pipeline/Pipeline.php(209): Illuminate/Foundation/Http/Middleware/PreventRequestsDuringMaintenance->handle()
#51 C:/xampp/htdocs/highschool-finance/vendor/laravel/framework/src/Illuminate/Http/Middleware/HandleCors.php(49): Illuminate/Pipeline/Pipeline->{closure:{closure:Illuminate/Pipeline/Pipeline::carry():184}:185}()
#52 C:/xampp/htdocs/highschool-finance/vendor/laravel/framework/src/Illuminate/Pipeline/Pipeline.php(209): Illuminate/Http/Middleware/HandleCors->handle()
#53 C:/xampp/htdocs/highschool-finance/vendor/laravel/framework/src/Illuminate/Http/Middleware/TrustProxies.php(58): Illuminate/Pipeline/Pipeline->{closure:{closure:Illuminate/Pipeline/Pipeline::carry():184}:185}()
#54 C:/xampp/htdocs/highschool-finance/vendor/laravel/framework/src/Illuminate/Pipeline/Pipeline.php(209): Illuminate/Http/Middleware/TrustProxies->handle()
#55 C:/xampp/htdocs/highschool-finance/vendor/laravel/framework/src/Illuminate/Foundation/Http/Middleware/InvokeDeferredCallbacks.php(22): Illuminate/Pipeline/Pipeline->{closure:{closure:Illuminate/Pipeline/Pipeline::carry():184}:185}()
#56 C:/xampp/htdocs/highschool-finance/vendor/laravel/framework/src/Illuminate/Pipeline/Pipeline.php(209): Illuminate/Foundation/Http/Middleware/InvokeDeferredCallbacks->handle()
#57 C:/xampp/htdocs/highschool-finance/vendor/laravel/framework/src/Illuminate/Pipeline/Pipeline.php(127): Illuminate/Pipeline/Pipeline->{closure:{closure:Illuminate/Pipeline/Pipeline::carry():184}:185}()
#58 C:/xampp/htdocs/highschool-finance/vendor/laravel/framework/src/Illuminate/Foundation/Http/Kernel.php(176): Illuminate/Pipeline/Pipeline->then()
#59 C:/xampp/htdocs/highschool-finance/vendor/laravel/framework/src/Illuminate/Foundation/Http/Kernel.php(145): Illuminate/Foundation/Http/Kernel->sendRequestThroughRouter()
#60 C:/xampp/htdocs/highschool-finance/vendor/laravel/framework/src/Illuminate/Foundation/Application.php(1220): Illuminate/Foundation/Http/Kernel->handle()
#61 C:/xampp/htdocs/highschool-finance/public/index.php(17): Illuminate/Foundation/Application->handleRequest()
#62 C:/xampp/htdocs/highschool-finance/vendor/laravel/framework/src/Illuminate/Foundation/resources/server.php(23): require_once('...')
#63 {main}
"} 
[2026-06-02 05:12:44] local.ERROR: Route [finance.classes] not defined. (View: C:\xampp\htdocs\highschool-finance\resources\views\finance\summary.blade.php) {"userId":1,"exception":"[object] (Illuminate\\View\\ViewException(code: 0): Route [finance.classes] not defined. (View: C:\\xampp\\htdocs\\highschool-finance\\resources\\views\\finance\\summary.blade.php) at C:/xampp/htdocs/highschool-finance/vendor/laravel/framework/src/Illuminate/Routing/UrlGenerator.php:517)
[stacktrace]
#0 C:/xampp/htdocs/highschool-finance/vendor/laravel/framework/src/Illuminate/View/Engines/PhpEngine.php(60): Illuminate/View/Engines/CompilerEngine->handleViewException()
#1 C:/xampp/htdocs/highschool-finance/vendor/laravel/framework/src/Illuminate/View/Engines/CompilerEngine.php(75): Illuminate/View/Engines/PhpEngine->evaluatePath()
#2 C:/xampp/htdocs/highschool-finance/vendor/laravel/framework/src/Illuminate/View/View.php(209): Illuminate/View/Engines/CompilerEngine->get()
#3 C:/xampp/htdocs/highschool-finance/vendor/laravel/framework/src/Illuminate/View/View.php(192): Illuminate/View/View->getContents()
#4 C:/xampp/htdocs/highschool-finance/vendor/laravel/framework/src/Illuminate/View/View.php(161): Illuminate/View/View->renderContents()
#5 C:/xampp/htdocs/highschool-finance/vendor/laravel/framework/src/Illuminate/Http/Response.php(79): Illuminate/View/View->render()
#6 C:/xampp/htdocs/highschool-finance/vendor/laravel/framework/src/Illuminate/Http/Response.php(35): Illuminate/Http/Response->setContent()
#7 C:/xampp/htdocs/highschool-finance/vendor/laravel/framework/src/Illuminate/Routing/Router.php(920): Illuminate/Http/Response->__construct()
#8 C:/xampp/htdocs/highschool-finance/vendor/laravel/framework/src/Illuminate/Routing/Router.php(887): Illuminate/Routing/Router::toResponse()
#9 C:/xampp/htdocs/highschool-finance/vendor/laravel/framework/src/Illuminate/Routing/Router.php(807): Illuminate/Routing/Router->prepareResponse()
#10 C:/xampp/htdocs/highschool-finance/vendor/laravel/framework/src/Illuminate/Pipeline/Pipeline.php(170): Illuminate/Routing/Router->{closure:Illuminate/Routing/Router::runRouteWithinStack():807}()
#11 C:/xampp/htdocs/highschool-finance/vendor/spatie/laravel-permission/src/Middleware/PermissionMiddleware.php(37): Illuminate/Pipeline/Pipeline->{closure:Illuminate/Pipeline/Pipeline::prepareDestination():168}()
#12 C:/xampp/htdocs/highschool-finance/vendor/laravel/framework/src/Illuminate/Pipeline/Pipeline.php(209): Spatie/Permission/Middleware/PermissionMiddleware->handle()
#13 C:/xampp/htdocs/highschool-finance/vendor/laravel/framework/src/Illuminate/Auth/Middleware/EnsureEmailIsVerified.php(41): Illuminate/Pipeline/Pipeline->{closure:{closure:Illuminate/Pipeline/Pipeline::carry():184}:185}()
#14 C:/xampp/htdocs/highschool-finance/vendor/laravel/framework/src/Illuminate/Pipeline/Pipeline.php(209): Illuminate/Auth/Middleware/EnsureEmailIsVerified->handle()
#15 C:/xampp/htdocs/highschool-finance/vendor/laravel/framework/src/Illuminate/Routing/Middleware/SubstituteBindings.php(51): Illuminate/Pipeline/Pipeline->{closure:{closure:Illuminate/Pipeline/Pipeline::carry():184}:185}()
#16 C:/xampp/htdocs/highschool-finance/vendor/laravel/framework/src/Illuminate/Pipeline/Pipeline.php(209): Illuminate/Routing/Middleware/SubstituteBindings->handle()
#17 C:/xampp/htdocs/highschool-finance/vendor/laravel/framework/src/Illuminate/Auth/Middleware/Authenticate.php(64): Illuminate/Pipeline/Pipeline->{closure:{closure:Illuminate/Pipeline/Pipeline::carry():184}:185}()
#18 C:/xampp/htdocs/highschool-finance/vendor/laravel/framework/src/Illuminate/Pipeline/Pipeline.php(209): Illuminate/Auth/Middleware/Authenticate->handle()
#19 C:/xampp/htdocs/highschool-finance/vendor/laravel/framework/src/Illuminate/Foundation/Http/Middleware/VerifyCsrfToken.php(88): Illuminate/Pipeline/Pipeline->{closure:{closure:Illuminate/Pipeline/Pipeline::carry():184}:185}()
#20 C:/xampp/htdocs/highschool-finance/vendor/laravel/framework/src/Illuminate/Pipeline/Pipeline.php(209): Illuminate/Foundation/Http/Middleware/VerifyCsrfToken->handle()
#21 C:/xampp/htdocs/highschool-finance/vendor/laravel/framework/src/Illuminate/View/Middleware/ShareErrorsFromSession.php(49): Illuminate/Pipeline/Pipeline->{closure:{closure:Illuminate/Pipeline/Pipeline::carry():184}:185}()
#22 C:/xampp/htdocs/highschool-finance/vendor/laravel/framework/src/Illuminate/Pipeline/Pipeline.php(209): Illuminate/View/Middleware/ShareErrorsFromSession->handle()
#23 C:/xampp/htdocs/highschool-finance/vendor/laravel/framework/src/Illuminate/Session/Middleware/StartSession.php(121): Illuminate/Pipeline/Pipeline->{closure:{closure:Illuminate/Pipeline/Pipeline::carry():184}:185}()
#24 C:/xampp/htdocs/highschool-finance/vendor/laravel/framework/src/Illuminate/Session/Middleware/StartSession.php(64): Illuminate/Session/Middleware/StartSession->handleStatefulRequest()
#25 C:/xampp/htdocs/highschool-finance/vendor/laravel/framework/src/Illuminate/Pipeline/Pipeline.php(209): Illuminate/Session/Middleware/StartSession->handle()
#26 C:/xampp/htdocs/highschool-finance/vendor/laravel/framework/src/Illuminate/Cookie/Middleware/AddQueuedCookiesToResponse.php(37): Illuminate/Pipeline/Pipeline->{closure:{closure:Illuminate/Pipeline/Pipeline::carry():184}:185}()
#27 C:/xampp/htdocs/highschool-finance/vendor/laravel/framework/src/Illuminate/Pipeline/Pipeline.php(209): Illuminate/Cookie/Middleware/AddQueuedCookiesToResponse->handle()
#28 C:/xampp/htdocs/highschool-finance/vendor/laravel/framework/src/Illuminate/Cookie/Middleware/EncryptCookies.php(75): Illuminate/Pipeline/Pipeline->{closure:{closure:Illuminate/Pipeline/Pipeline::carry():184}:185}()
#29 C:/xampp/htdocs/highschool-finance/vendor/laravel/framework/src/Illuminate/Pipeline/Pipeline.php(209): Illuminate/Cookie/Middleware/EncryptCookies->handle()
#30 C:/xampp/htdocs/highschool-finance/vendor/laravel/framework/src/Illuminate/Pipeline/Pipeline.php(127): Illuminate/Pipeline/Pipeline->{closure:{closure:Illuminate/Pipeline/Pipeline::carry():184}:185}()
#31 C:/xampp/htdocs/highschool-finance/vendor/laravel/framework/src/Illuminate/Routing/Router.php(807): Illuminate/Pipeline/Pipeline->then()
#32 C:/xampp/htdocs/highschool-finance/vendor/laravel/framework/src/Illuminate/Routing/Router.php(786): Illuminate/Routing/Router->runRouteWithinStack()
#33 C:/xampp/htdocs/highschool-finance/vendor/laravel/framework/src/Illuminate/Routing/Router.php(750): Illuminate/Routing/Router->runRoute()
#34 C:/xampp/htdocs/highschool-finance/vendor/laravel/framework/src/Illuminate/Routing/Router.php(739): Illuminate/Routing/Router->dispatchToRoute()
#35 C:/xampp/htdocs/highschool-finance/vendor/laravel/framework/src/Illuminate/Foundation/Http/Kernel.php(201): Illuminate/Routing/Router->dispatch()
#36 C:/xampp/htdocs/highschool-finance/vendor/laravel/framework/src/Illuminate/Pipeline/Pipeline.php(170): Illuminate/Foundation/Http/Kernel->{closure:Illuminate/Foundation/Http/Kernel::dispatchToRouter():198}()
#37 C:/xampp/htdocs/highschool-finance/vendor/laravel/framework/src/Illuminate/Foundation/Http/Middleware/TransformsRequest.php(21): Illuminate/Pipeline/Pipeline->{closure:Illuminate/Pipeline/Pipeline::prepareDestination():168}()
#38 C:/xampp/htdocs/highschool-finance/vendor/laravel/framework/src/Illuminate/Foundation/Http/Middleware/ConvertEmptyStringsToNull.php(31): Illuminate/Foundation/Http/Middleware/TransformsRequest->handle()
#39 C:/xampp/htdocs/highschool-finance/vendor/laravel/framework/src/Illuminate/Pipeline/Pipeline.php(209): Illuminate/Foundation/Http/Middleware/ConvertEmptyStringsToNull->handle()
#40 C:/xampp/htdocs/highschool-finance/vendor/laravel/framework/src/Illuminate/Foundation/Http/Middleware/TransformsRequest.php(21): Illuminate/Pipeline/Pipeline->{closure:{closure:Illuminate/Pipeline/Pipeline::carry():184}:185}()
#41 C:/xampp/htdocs/highschool-finance/vendor/laravel/framework/src/Illuminate/Foundation/Http/Middleware/TrimStrings.php(51): Illuminate/Foundation/Http/Middleware/TransformsRequest->handle()
#42 C:/xampp/htdocs/highschool-finance/vendor/laravel/framework/src/Illuminate/Pipeline/Pipeline.php(209): Illuminate/Foundation/Http/Middleware/TrimStrings->handle()
#43 C:/xampp/htdocs/highschool-finance/vendor/laravel/framework/src/Illuminate/Http/Middleware/ValidatePostSize.php(27): Illuminate/Pipeline/Pipeline->{closure:{closure:Illuminate/Pipeline/Pipeline::carry():184}:185}()
#44 C:/xampp/htdocs/highschool-finance/vendor/laravel/framework/src/Illuminate/Pipeline/Pipeline.php(209): Illuminate/Http/Middleware/ValidatePostSize->handle()
#45 C:/xampp/htdocs/highschool-finance/vendor/laravel/framework/src/Illuminate/Foundation/Http/Middleware/PreventRequestsDuringMaintenance.php(110): Illuminate/Pipeline/Pipeline->{closure:{closure:Illuminate/Pipeline/Pipeline::carry():184}:185}()
#46 C:/xampp/htdocs/highschool-finance/vendor/laravel/framework/src/Illuminate/Pipeline/Pipeline.php(209): Illuminate/Foundation/Http/Middleware/PreventRequestsDuringMaintenance->handle()
#47 C:/xampp/htdocs/highschool-finance/vendor/laravel/framework/src/Illuminate/Http/Middleware/HandleCors.php(49): Illuminate/Pipeline/Pipeline->{closure:{closure:Illuminate/Pipeline/Pipeline::carry():184}:185}()
#48 C:/xampp/htdocs/highschool-finance/vendor/laravel/framework/src/Illuminate/Pipeline/Pipeline.php(209): Illuminate/Http/Middleware/HandleCors->handle()
#49 C:/xampp/htdocs/highschool-finance/vendor/laravel/framework/src/Illuminate/Http/Middleware/TrustProxies.php(58): Illuminate/Pipeline/Pipeline->{closure:{closure:Illuminate/Pipeline/Pipeline::carry():184}:185}()
#50 C:/xampp/htdocs/highschool-finance/vendor/laravel/framework/src/Illuminate/Pipeline/Pipeline.php(209): Illuminate/Http/Middleware/TrustProxies->handle()
#51 C:/xampp/htdocs/highschool-finance/vendor/laravel/framework/src/Illuminate/Foundation/Http/Middleware/InvokeDeferredCallbacks.php(22): Illuminate/Pipeline/Pipeline->{closure:{closure:Illuminate/Pipeline/Pipeline::carry():184}:185}()
#52 C:/xampp/htdocs/highschool-finance/vendor/laravel/framework/src/Illuminate/Pipeline/Pipeline.php(209): Illuminate/Foundation/Http/Middleware/InvokeDeferredCallbacks->handle()
#53 C:/xampp/htdocs/highschool-finance/vendor/laravel/framework/src/Illuminate/Pipeline/Pipeline.php(127): Illuminate/Pipeline/Pipeline->{closure:{closure:Illuminate/Pipeline/Pipeline::carry():184}:185}()
#54 C:/xampp/htdocs/highschool-finance/vendor/laravel/framework/src/Illuminate/Foundation/Http/Kernel.php(176): Illuminate/Pipeline/Pipeline->then()
#55 C:/xampp/htdocs/highschool-finance/vendor/laravel/framework/src/Illuminate/Foundation/Http/Kernel.php(145): Illuminate/Foundation/Http/Kernel->sendRequestThroughRouter()
#56 C:/xampp/htdocs/highschool-finance/vendor/laravel/framework/src/Illuminate/Foundation/Application.php(1220): Illuminate/Foundation/Http/Kernel->handle()
#57 C:/xampp/htdocs/highschool-finance/public/index.php(17): Illuminate/Foundation/Application->handleRequest()
#58 C:/xampp/htdocs/highschool-finance/vendor/laravel/framework/src/Illuminate/Foundation/resources/server.php(23): require_once('...')
#59 {main}

[previous exception] [object] (Symfony\\Component\\Routing\\Exception\\RouteNotFoundException(code: 0): Route [finance.classes] not defined. at C:/xampp/htdocs/highschool-finance/vendor/laravel/framework/src/Illuminate/Routing/UrlGenerator.php:517)
[stacktrace]
#0 C:/xampp/htdocs/highschool-finance/vendor/laravel/framework/src/Illuminate/Foundation/helpers.php(853): Illuminate/Routing/UrlGenerator->route()
#1 C:/xampp/htdocs/highschool-finance/storage/framework/views/af855d2550ea827d7f208c000babaae4.php(144): route()
#2 C:/xampp/htdocs/highschool-finance/vendor/laravel/framework/src/Illuminate/Filesystem/Filesystem.php(123): require('...')
#3 C:/xampp/htdocs/highschool-finance/vendor/laravel/framework/src/Illuminate/Filesystem/Filesystem.php(124): Illuminate/Filesystem/Filesystem::{closure:Illuminate/Filesystem/Filesystem::getRequire():120}()
#4 C:/xampp/htdocs/highschool-finance/vendor/laravel/framework/src/Illuminate/View/Engines/PhpEngine.php(58): Illuminate/Filesystem/Filesystem->getRequire()
#5 C:/xampp/htdocs/highschool-finance/vendor/laravel/framework/src/Illuminate/View/Engines/CompilerEngine.php(75): Illuminate/View/Engines/PhpEngine->evaluatePath()
#6 C:/xampp/htdocs/highschool-finance/vendor/laravel/framework/src/Illuminate/View/View.php(209): Illuminate/View/Engines/CompilerEngine->get()
#7 C:/xampp/htdocs/highschool-finance/vendor/laravel/framework/src/Illuminate/View/View.php(192): Illuminate/View/View->getContents()
#8 C:/xampp/htdocs/highschool-finance/vendor/laravel/framework/src/Illuminate/View/View.php(161): Illuminate/View/View->renderContents()
#9 C:/xampp/htdocs/highschool-finance/vendor/laravel/framework/src/Illuminate/Http/Response.php(79): Illuminate/View/View->render()
#10 C:/xampp/htdocs/highschool-finance/vendor/laravel/framework/src/Illuminate/Http/Response.php(35): Illuminate/Http/Response->setContent()
#11 C:/xampp/htdocs/highschool-finance/vendor/laravel/framework/src/Illuminate/Routing/Router.php(920): Illuminate/Http/Response->__construct()
#12 C:/xampp/htdocs/highschool-finance/vendor/laravel/framework/src/Illuminate/Routing/Router.php(887): Illuminate/Routing/Router::toResponse()
#13 C:/xampp/htdocs/highschool-finance/vendor/laravel/framework/src/Illuminate/Routing/Router.php(807): Illuminate/Routing/Router->prepareResponse()
#14 C:/xampp/htdocs/highschool-finance/vendor/laravel/framework/src/Illuminate/Pipeline/Pipeline.php(170): Illuminate/Routing/Router->{closure:Illuminate/Routing/Router::runRouteWithinStack():807}()
#15 C:/xampp/htdocs/highschool-finance/vendor/spatie/laravel-permission/src/Middleware/PermissionMiddleware.php(37): Illuminate/Pipeline/Pipeline->{closure:Illuminate/Pipeline/Pipeline::prepareDestination():168}()
#16 C:/xampp/htdocs/highschool-finance/vendor/laravel/framework/src/Illuminate/Pipeline/Pipeline.php(209): Spatie/Permission/Middleware/PermissionMiddleware->handle()
#17 C:/xampp/htdocs/highschool-finance/vendor/laravel/framework/src/Illuminate/Auth/Middleware/EnsureEmailIsVerified.php(41): Illuminate/Pipeline/Pipeline->{closure:{closure:Illuminate/Pipeline/Pipeline::carry():184}:185}()
#18 C:/xampp/htdocs/highschool-finance/vendor/laravel/framework/src/Illuminate/Pipeline/Pipeline.php(209): Illuminate/Auth/Middleware/EnsureEmailIsVerified->handle()
#19 C:/xampp/htdocs/highschool-finance/vendor/laravel/framework/src/Illuminate/Routing/Middleware/SubstituteBindings.php(51): Illuminate/Pipeline/Pipeline->{closure:{closure:Illuminate/Pipeline/Pipeline::carry():184}:185}()
#20 C:/xampp/htdocs/highschool-finance/vendor/laravel/framework/src/Illuminate/Pipeline/Pipeline.php(209): Illuminate/Routing/Middleware/SubstituteBindings->handle()
#21 C:/xampp/htdocs/highschool-finance/vendor/laravel/framework/src/Illuminate/Auth/Middleware/Authenticate.php(64): Illuminate/Pipeline/Pipeline->{closure:{closure:Illuminate/Pipeline/Pipeline::carry():184}:185}()
#22 C:/xampp/htdocs/highschool-finance/vendor/laravel/framework/src/Illuminate/Pipeline/Pipeline.php(209): Illuminate/Auth/Middleware/Authenticate->handle()
#23 C:/xampp/htdocs/highschool-finance/vendor/laravel/framework/src/Illuminate/Foundation/Http/Middleware/VerifyCsrfToken.php(88): Illuminate/Pipeline/Pipeline->{closure:{closure:Illuminate/Pipeline/Pipeline::carry():184}:185}()
#24 C:/xampp/htdocs/highschool-finance/vendor/laravel/framework/src/Illuminate/Pipeline/Pipeline.php(209): Illuminate/Foundation/Http/Middleware/VerifyCsrfToken->handle()
#25 C:/xampp/htdocs/highschool-finance/vendor/laravel/framework/src/Illuminate/View/Middleware/ShareErrorsFromSession.php(49): Illuminate/Pipeline/Pipeline->{closure:{closure:Illuminate/Pipeline/Pipeline::carry():184}:185}()
#26 C:/xampp/htdocs/highschool-finance/vendor/laravel/framework/src/Illuminate/Pipeline/Pipeline.php(209): Illuminate/View/Middleware/ShareErrorsFromSession->handle()
#27 C:/xampp/htdocs/highschool-finance/vendor/laravel/framework/src/Illuminate/Session/Middleware/StartSession.php(121): Illuminate/Pipeline/Pipeline->{closure:{closure:Illuminate/Pipeline/Pipeline::carry():184}:185}()
#28 C:/xampp/htdocs/highschool-finance/vendor/laravel/framework/src/Illuminate/Session/Middleware/StartSession.php(64): Illuminate/Session/Middleware/StartSession->handleStatefulRequest()
#29 C:/xampp/htdocs/highschool-finance/vendor/laravel/framework/src/Illuminate/Pipeline/Pipeline.php(209): Illuminate/Session/Middleware/StartSession->handle()
#30 C:/xampp/htdocs/highschool-finance/vendor/laravel/framework/src/Illuminate/Cookie/Middleware/AddQueuedCookiesToResponse.php(37): Illuminate/Pipeline/Pipeline->{closure:{closure:Illuminate/Pipeline/Pipeline::carry():184}:185}()
#31 C:/xampp/htdocs/highschool-finance/vendor/laravel/framework/src/Illuminate/Pipeline/Pipeline.php(209): Illuminate/Cookie/Middleware/AddQueuedCookiesToResponse->handle()
#32 C:/xampp/htdocs/highschool-finance/vendor/laravel/framework/src/Illuminate/Cookie/Middleware/EncryptCookies.php(75): Illuminate/Pipeline/Pipeline->{closure:{closure:Illuminate/Pipeline/Pipeline::carry():184}:185}()
#33 C:/xampp/htdocs/highschool-finance/vendor/laravel/framework/src/Illuminate/Pipeline/Pipeline.php(209): Illuminate/Cookie/Middleware/EncryptCookies->handle()
#34 C:/xampp/htdocs/highschool-finance/vendor/laravel/framework/src/Illuminate/Pipeline/Pipeline.php(127): Illuminate/Pipeline/Pipeline->{closure:{closure:Illuminate/Pipeline/Pipeline::carry():184}:185}()
#35 C:/xampp/htdocs/highschool-finance/vendor/laravel/framework/src/Illuminate/Routing/Router.php(807): Illuminate/Pipeline/Pipeline->then()
#36 C:/xampp/htdocs/highschool-finance/vendor/laravel/framework/src/Illuminate/Routing/Router.php(786): Illuminate/Routing/Router->runRouteWithinStack()
#37 C:/xampp/htdocs/highschool-finance/vendor/laravel/framework/src/Illuminate/Routing/Router.php(750): Illuminate/Routing/Router->runRoute()
#38 C:/xampp/htdocs/highschool-finance/vendor/laravel/framework/src/Illuminate/Routing/Router.php(739): Illuminate/Routing/Router->dispatchToRoute()
#39 C:/xampp/htdocs/highschool-finance/vendor/laravel/framework/src/Illuminate/Foundation/Http/Kernel.php(201): Illuminate/Routing/Router->dispatch()
#40 C:/xampp/htdocs/highschool-finance/vendor/laravel/framework/src/Illuminate/Pipeline/Pipeline.php(170): Illuminate/Foundation/Http/Kernel->{closure:Illuminate/Foundation/Http/Kernel::dispatchToRouter():198}()
#41 C:/xampp/htdocs/highschool-finance/vendor/laravel/framework/src/Illuminate/Foundation/Http/Middleware/TransformsRequest.php(21): Illuminate/Pipeline/Pipeline->{closure:Illuminate/Pipeline/Pipeline::prepareDestination():168}()
#42 C:/xampp/htdocs/highschool-finance/vendor/laravel/framework/src/Illuminate/Foundation/Http/Middleware/ConvertEmptyStringsToNull.php(31): Illuminate/Foundation/Http/Middleware/TransformsRequest->handle()
#43 C:/xampp/htdocs/highschool-finance/vendor/laravel/framework/src/Illuminate/Pipeline/Pipeline.php(209): Illuminate/Foundation/Http/Middleware/ConvertEmptyStringsToNull->handle()
#44 C:/xampp/htdocs/highschool-finance/vendor/laravel/framework/src/Illuminate/Foundation/Http/Middleware/TransformsRequest.php(21): Illuminate/Pipeline/Pipeline->{closure:{closure:Illuminate/Pipeline/Pipeline::carry():184}:185}()
#45 C:/xampp/htdocs/highschool-finance/vendor/laravel/framework/src/Illuminate/Foundation/Http/Middleware/TrimStrings.php(51): Illuminate/Foundation/Http/Middleware/TransformsRequest->handle()
#46 C:/xampp/htdocs/highschool-finance/vendor/laravel/framework/src/Illuminate/Pipeline/Pipeline.php(209): Illuminate/Foundation/Http/Middleware/TrimStrings->handle()
#47 C:/xampp/htdocs/highschool-finance/vendor/laravel/framework/src/Illuminate/Http/Middleware/ValidatePostSize.php(27): Illuminate/Pipeline/Pipeline->{closure:{closure:Illuminate/Pipeline/Pipeline::carry():184}:185}()
#48 C:/xampp/htdocs/highschool-finance/vendor/laravel/framework/src/Illuminate/Pipeline/Pipeline.php(209): Illuminate/Http/Middleware/ValidatePostSize->handle()
#49 C:/xampp/htdocs/highschool-finance/vendor/laravel/framework/src/Illuminate/Foundation/Http/Middleware/PreventRequestsDuringMaintenance.php(110): Illuminate/Pipeline/Pipeline->{closure:{closure:Illuminate/Pipeline/Pipeline::carry():184}:185}()
#50 C:/xampp/htdocs/highschool-finance/vendor/laravel/framework/src/Illuminate/Pipeline/Pipeline.php(209): Illuminate/Foundation/Http/Middleware/PreventRequestsDuringMaintenance->handle()
#51 C:/xampp/htdocs/highschool-finance/vendor/laravel/framework/src/Illuminate/Http/Middleware/HandleCors.php(49): Illuminate/Pipeline/Pipeline->{closure:{closure:Illuminate/Pipeline/Pipeline::carry():184}:185}()
#52 C:/xampp/htdocs/highschool-finance/vendor/laravel/framework/src/Illuminate/Pipeline/Pipeline.php(209): Illuminate/Http/Middleware/HandleCors->handle()
#53 C:/xampp/htdocs/highschool-finance/vendor/laravel/framework/src/Illuminate/Http/Middleware/TrustProxies.php(58): Illuminate/Pipeline/Pipeline->{closure:{closure:Illuminate/Pipeline/Pipeline::carry():184}:185}()
#54 C:/xampp/htdocs/highschool-finance/vendor/laravel/framework/src/Illuminate/Pipeline/Pipeline.php(209): Illuminate/Http/Middleware/TrustProxies->handle()
#55 C:/xampp/htdocs/highschool-finance/vendor/laravel/framework/src/Illuminate/Foundation/Http/Middleware/InvokeDeferredCallbacks.php(22): Illuminate/Pipeline/Pipeline->{closure:{closure:Illuminate/Pipeline/Pipeline::carry():184}:185}()
#56 C:/xampp/htdocs/highschool-finance/vendor/laravel/framework/src/Illuminate/Pipeline/Pipeline.php(209): Illuminate/Foundation/Http/Middleware/InvokeDeferredCallbacks->handle()
#57 C:/xampp/htdocs/highschool-finance/vendor/laravel/framework/src/Illuminate/Pipeline/Pipeline.php(127): Illuminate/Pipeline/Pipeline->{closure:{closure:Illuminate/Pipeline/Pipeline::carry():184}:185}()
#58 C:/xampp/htdocs/highschool-finance/vendor/laravel/framework/src/Illuminate/Foundation/Http/Kernel.php(176): Illuminate/Pipeline/Pipeline->then()
#59 C:/xampp/htdocs/highschool-finance/vendor/laravel/framework/src/Illuminate/Foundation/Http/Kernel.php(145): Illuminate/Foundation/Http/Kernel->sendRequestThroughRouter()
#60 C:/xampp/htdocs/highschool-finance/vendor/laravel/framework/src/Illuminate/Foundation/Application.php(1220): Illuminate/Foundation/Http/Kernel->handle()
#61 C:/xampp/htdocs/highschool-finance/public/index.php(17): Illuminate/Foundation/Application->handleRequest()
#62 C:/xampp/htdocs/highschool-finance/vendor/laravel/framework/src/Illuminate/Foundation/resources/server.php(23): require_once('...')
#63 {main}
"} 
[2026-06-02 05:15:43] local.ERROR: Route [finance.students] not defined. (View: C:\xampp\htdocs\highschool-finance\resources\views\finance\summary.blade.php) {"userId":1,"exception":"[object] (Illuminate\\View\\ViewException(code: 0): Route [finance.students] not defined. (View: C:\\xampp\\htdocs\\highschool-finance\\resources\\views\\finance\\summary.blade.php) at C:/xampp/htdocs/highschool-finance/vendor/laravel/framework/src/Illuminate/Routing/UrlGenerator.php:517)
[stacktrace]
#0 C:/xampp/htdocs/highschool-finance/vendor/laravel/framework/src/Illuminate/View/Engines/PhpEngine.php(60): Illuminate/View/Engines/CompilerEngine->handleViewException()
#1 C:/xampp/htdocs/highschool-finance/vendor/laravel/framework/src/Illuminate/View/Engines/CompilerEngine.php(75): Illuminate/View/Engines/PhpEngine->evaluatePath()
#2 C:/xampp/htdocs/highschool-finance/vendor/laravel/framework/src/Illuminate/View/View.php(209): Illuminate/View/Engines/CompilerEngine->get()
#3 C:/xampp/htdocs/highschool-finance/vendor/laravel/framework/src/Illuminate/View/View.php(192): Illuminate/View/View->getContents()
#4 C:/xampp/htdocs/highschool-finance/vendor/laravel/framework/src/Illuminate/View/View.php(161): Illuminate/View/View->renderContents()
#5 C:/xampp/htdocs/highschool-finance/vendor/laravel/framework/src/Illuminate/Http/Response.php(79): Illuminate/View/View->render()
#6 C:/xampp/htdocs/highschool-finance/vendor/laravel/framework/src/Illuminate/Http/Response.php(35): Illuminate/Http/Response->setContent()
#7 C:/xampp/htdocs/highschool-finance/vendor/laravel/framework/src/Illuminate/Routing/Router.php(920): Illuminate/Http/Response->__construct()
#8 C:/xampp/htdocs/highschool-finance/vendor/laravel/framework/src/Illuminate/Routing/Router.php(887): Illuminate/Routing/Router::toResponse()
#9 C:/xampp/htdocs/highschool-finance/vendor/laravel/framework/src/Illuminate/Routing/Router.php(807): Illuminate/Routing/Router->prepareResponse()
#10 C:/xampp/htdocs/highschool-finance/vendor/laravel/framework/src/Illuminate/Pipeline/Pipeline.php(170): Illuminate/Routing/Router->{closure:Illuminate/Routing/Router::runRouteWithinStack():807}()
#11 C:/xampp/htdocs/highschool-finance/vendor/spatie/laravel-permission/src/Middleware/PermissionMiddleware.php(37): Illuminate/Pipeline/Pipeline->{closure:Illuminate/Pipeline/Pipeline::prepareDestination():168}()
#12 C:/xampp/htdocs/highschool-finance/vendor/laravel/framework/src/Illuminate/Pipeline/Pipeline.php(209): Spatie/Permission/Middleware/PermissionMiddleware->handle()
#13 C:/xampp/htdocs/highschool-finance/vendor/laravel/framework/src/Illuminate/Auth/Middleware/EnsureEmailIsVerified.php(41): Illuminate/Pipeline/Pipeline->{closure:{closure:Illuminate/Pipeline/Pipeline::carry():184}:185}()
#14 C:/xampp/htdocs/highschool-finance/vendor/laravel/framework/src/Illuminate/Pipeline/Pipeline.php(209): Illuminate/Auth/Middleware/EnsureEmailIsVerified->handle()
#15 C:/xampp/htdocs/highschool-finance/vendor/laravel/framework/src/Illuminate/Routing/Middleware/SubstituteBindings.php(51): Illuminate/Pipeline/Pipeline->{closure:{closure:Illuminate/Pipeline/Pipeline::carry():184}:185}()
#16 C:/xampp/htdocs/highschool-finance/vendor/laravel/framework/src/Illuminate/Pipeline/Pipeline.php(209): Illuminate/Routing/Middleware/SubstituteBindings->handle()
#17 C:/xampp/htdocs/highschool-finance/vendor/laravel/framework/src/Illuminate/Auth/Middleware/Authenticate.php(64): Illuminate/Pipeline/Pipeline->{closure:{closure:Illuminate/Pipeline/Pipeline::carry():184}:185}()
#18 C:/xampp/htdocs/highschool-finance/vendor/laravel/framework/src/Illuminate/Pipeline/Pipeline.php(209): Illuminate/Auth/Middleware/Authenticate->handle()
#19 C:/xampp/htdocs/highschool-finance/vendor/laravel/framework/src/Illuminate/Foundation/Http/Middleware/VerifyCsrfToken.php(88): Illuminate/Pipeline/Pipeline->{closure:{closure:Illuminate/Pipeline/Pipeline::carry():184}:185}()
#20 C:/xampp/htdocs/highschool-finance/vendor/laravel/framework/src/Illuminate/Pipeline/Pipeline.php(209): Illuminate/Foundation/Http/Middleware/VerifyCsrfToken->handle()
#21 C:/xampp/htdocs/highschool-finance/vendor/laravel/framework/src/Illuminate/View/Middleware/ShareErrorsFromSession.php(49): Illuminate/Pipeline/Pipeline->{closure:{closure:Illuminate/Pipeline/Pipeline::carry():184}:185}()
#22 C:/xampp/htdocs/highschool-finance/vendor/laravel/framework/src/Illuminate/Pipeline/Pipeline.php(209): Illuminate/View/Middleware/ShareErrorsFromSession->handle()
#23 C:/xampp/htdocs/highschool-finance/vendor/laravel/framework/src/Illuminate/Session/Middleware/StartSession.php(121): Illuminate/Pipeline/Pipeline->{closure:{closure:Illuminate/Pipeline/Pipeline::carry():184}:185}()
#24 C:/xampp/htdocs/highschool-finance/vendor/laravel/framework/src/Illuminate/Session/Middleware/StartSession.php(64): Illuminate/Session/Middleware/StartSession->handleStatefulRequest()
#25 C:/xampp/htdocs/highschool-finance/vendor/laravel/framework/src/Illuminate/Pipeline/Pipeline.php(209): Illuminate/Session/Middleware/StartSession->handle()
#26 C:/xampp/htdocs/highschool-finance/vendor/laravel/framework/src/Illuminate/Cookie/Middleware/AddQueuedCookiesToResponse.php(37): Illuminate/Pipeline/Pipeline->{closure:{closure:Illuminate/Pipeline/Pipeline::carry():184}:185}()
#27 C:/xampp/htdocs/highschool-finance/vendor/laravel/framework/src/Illuminate/Pipeline/Pipeline.php(209): Illuminate/Cookie/Middleware/AddQueuedCookiesToResponse->handle()
#28 C:/xampp/htdocs/highschool-finance/vendor/laravel/framework/src/Illuminate/Cookie/Middleware/EncryptCookies.php(75): Illuminate/Pipeline/Pipeline->{closure:{closure:Illuminate/Pipeline/Pipeline::carry():184}:185}()
#29 C:/xampp/htdocs/highschool-finance/vendor/laravel/framework/src/Illuminate/Pipeline/Pipeline.php(209): Illuminate/Cookie/Middleware/EncryptCookies->handle()
#30 C:/xampp/htdocs/highschool-finance/vendor/laravel/framework/src/Illuminate/Pipeline/Pipeline.php(127): Illuminate/Pipeline/Pipeline->{closure:{closure:Illuminate/Pipeline/Pipeline::carry():184}:185}()
#31 C:/xampp/htdocs/highschool-finance/vendor/laravel/framework/src/Illuminate/Routing/Router.php(807): Illuminate/Pipeline/Pipeline->then()
#32 C:/xampp/htdocs/highschool-finance/vendor/laravel/framework/src/Illuminate/Routing/Router.php(786): Illuminate/Routing/Router->runRouteWithinStack()
#33 C:/xampp/htdocs/highschool-finance/vendor/laravel/framework/src/Illuminate/Routing/Router.php(750): Illuminate/Routing/Router->runRoute()
#34 C:/xampp/htdocs/highschool-finance/vendor/laravel/framework/src/Illuminate/Routing/Router.php(739): Illuminate/Routing/Router->dispatchToRoute()
#35 C:/xampp/htdocs/highschool-finance/vendor/laravel/framework/src/Illuminate/Foundation/Http/Kernel.php(201): Illuminate/Routing/Router->dispatch()
#36 C:/xampp/htdocs/highschool-finance/vendor/laravel/framework/src/Illuminate/Pipeline/Pipeline.php(170): Illuminate/Foundation/Http/Kernel->{closure:Illuminate/Foundation/Http/Kernel::dispatchToRouter():198}()
#37 C:/xampp/htdocs/highschool-finance/vendor/laravel/framework/src/Illuminate/Foundation/Http/Middleware/TransformsRequest.php(21): Illuminate/Pipeline/Pipeline->{closure:Illuminate/Pipeline/Pipeline::prepareDestination():168}()
#38 C:/xampp/htdocs/highschool-finance/vendor/laravel/framework/src/Illuminate/Foundation/Http/Middleware/ConvertEmptyStringsToNull.php(31): Illuminate/Foundation/Http/Middleware/TransformsRequest->handle()
#39 C:/xampp/htdocs/highschool-finance/vendor/laravel/framework/src/Illuminate/Pipeline/Pipeline.php(209): Illuminate/Foundation/Http/Middleware/ConvertEmptyStringsToNull->handle()
#40 C:/xampp/htdocs/highschool-finance/vendor/laravel/framework/src/Illuminate/Foundation/Http/Middleware/TransformsRequest.php(21): Illuminate/Pipeline/Pipeline->{closure:{closure:Illuminate/Pipeline/Pipeline::carry():184}:185}()
#41 C:/xampp/htdocs/highschool-finance/vendor/laravel/framework/src/Illuminate/Foundation/Http/Middleware/TrimStrings.php(51): Illuminate/Foundation/Http/Middleware/TransformsRequest->handle()
#42 C:/xampp/htdocs/highschool-finance/vendor/laravel/framework/src/Illuminate/Pipeline/Pipeline.php(209): Illuminate/Foundation/Http/Middleware/TrimStrings->handle()
#43 C:/xampp/htdocs/highschool-finance/vendor/laravel/framework/src/Illuminate/Http/Middleware/ValidatePostSize.php(27): Illuminate/Pipeline/Pipeline->{closure:{closure:Illuminate/Pipeline/Pipeline::carry():184}:185}()
#44 C:/xampp/htdocs/highschool-finance/vendor/laravel/framework/src/Illuminate/Pipeline/Pipeline.php(209): Illuminate/Http/Middleware/ValidatePostSize->handle()
#45 C:/xampp/htdocs/highschool-finance/vendor/laravel/framework/src/Illuminate/Foundation/Http/Middleware/PreventRequestsDuringMaintenance.php(110): Illuminate/Pipeline/Pipeline->{closure:{closure:Illuminate/Pipeline/Pipeline::carry():184}:185}()
#46 C:/xampp/htdocs/highschool-finance/vendor/laravel/framework/src/Illuminate/Pipeline/Pipeline.php(209): Illuminate/Foundation/Http/Middleware/PreventRequestsDuringMaintenance->handle()
#47 C:/xampp/htdocs/highschool-finance/vendor/laravel/framework/src/Illuminate/Http/Middleware/HandleCors.php(49): Illuminate/Pipeline/Pipeline->{closure:{closure:Illuminate/Pipeline/Pipeline::carry():184}:185}()
#48 C:/xampp/htdocs/highschool-finance/vendor/laravel/framework/src/Illuminate/Pipeline/Pipeline.php(209): Illuminate/Http/Middleware/HandleCors->handle()
#49 C:/xampp/htdocs/highschool-finance/vendor/laravel/framework/src/Illuminate/Http/Middleware/TrustProxies.php(58): Illuminate/Pipeline/Pipeline->{closure:{closure:Illuminate/Pipeline/Pipeline::carry():184}:185}()
#50 C:/xampp/htdocs/highschool-finance/vendor/laravel/framework/src/Illuminate/Pipeline/Pipeline.php(209): Illuminate/Http/Middleware/TrustProxies->handle()
#51 C:/xampp/htdocs/highschool-finance/vendor/laravel/framework/src/Illuminate/Foundation/Http/Middleware/InvokeDeferredCallbacks.php(22): Illuminate/Pipeline/Pipeline->{closure:{closure:Illuminate/Pipeline/Pipeline::carry():184}:185}()
#52 C:/xampp/htdocs/highschool-finance/vendor/laravel/framework/src/Illuminate/Pipeline/Pipeline.php(209): Illuminate/Foundation/Http/Middleware/InvokeDeferredCallbacks->handle()
#53 C:/xampp/htdocs/highschool-finance/vendor/laravel/framework/src/Illuminate/Pipeline/Pipeline.php(127): Illuminate/Pipeline/Pipeline->{closure:{closure:Illuminate/Pipeline/Pipeline::carry():184}:185}()
#54 C:/xampp/htdocs/highschool-finance/vendor/laravel/framework/src/Illuminate/Foundation/Http/Kernel.php(176): Illuminate/Pipeline/Pipeline->then()
#55 C:/xampp/htdocs/highschool-finance/vendor/laravel/framework/src/Illuminate/Foundation/Http/Kernel.php(145): Illuminate/Foundation/Http/Kernel->sendRequestThroughRouter()
#56 C:/xampp/htdocs/highschool-finance/vendor/laravel/framework/src/Illuminate/Foundation/Application.php(1220): Illuminate/Foundation/Http/Kernel->handle()
#57 C:/xampp/htdocs/highschool-finance/public/index.php(17): Illuminate/Foundation/Application->handleRequest()
#58 C:/xampp/htdocs/highschool-finance/vendor/laravel/framework/src/Illuminate/Foundation/resources/server.php(23): require_once('...')
#59 {main}

[previous exception] [object] (Symfony\\Component\\Routing\\Exception\\RouteNotFoundException(code: 0): Route [finance.students] not defined. at C:/xampp/htdocs/highschool-finance/vendor/laravel/framework/src/Illuminate/Routing/UrlGenerator.php:517)
[stacktrace]
#0 C:/xampp/htdocs/highschool-finance/vendor/laravel/framework/src/Illuminate/Foundation/helpers.php(853): Illuminate/Routing/UrlGenerator->route()
#1 C:/xampp/htdocs/highschool-finance/storage/framework/views/af855d2550ea827d7f208c000babaae4.php(144): route()
#2 C:/xampp/htdocs/highschool-finance/vendor/laravel/framework/src/Illuminate/Filesystem/Filesystem.php(123): require('...')
#3 C:/xampp/htdocs/highschool-finance/vendor/laravel/framework/src/Illuminate/Filesystem/Filesystem.php(124): Illuminate/Filesystem/Filesystem::{closure:Illuminate/Filesystem/Filesystem::getRequire():120}()
#4 C:/xampp/htdocs/highschool-finance/vendor/laravel/framework/src/Illuminate/View/Engines/PhpEngine.php(58): Illuminate/Filesystem/Filesystem->getRequire()
#5 C:/xampp/htdocs/highschool-finance/vendor/laravel/framework/src/Illuminate/View/Engines/CompilerEngine.php(75): Illuminate/View/Engines/PhpEngine->evaluatePath()
#6 C:/xampp/htdocs/highschool-finance/vendor/laravel/framework/src/Illuminate/View/View.php(209): Illuminate/View/Engines/CompilerEngine->get()
#7 C:/xampp/htdocs/highschool-finance/vendor/laravel/framework/src/Illuminate/View/View.php(192): Illuminate/View/View->getContents()
#8 C:/xampp/htdocs/highschool-finance/vendor/laravel/framework/src/Illuminate/View/View.php(161): Illuminate/View/View->renderContents()
#9 C:/xampp/htdocs/highschool-finance/vendor/laravel/framework/src/Illuminate/Http/Response.php(79): Illuminate/View/View->render()
#10 C:/xampp/htdocs/highschool-finance/vendor/laravel/framework/src/Illuminate/Http/Response.php(35): Illuminate/Http/Response->setContent()
#11 C:/xampp/htdocs/highschool-finance/vendor/laravel/framework/src/Illuminate/Routing/Router.php(920): Illuminate/Http/Response->__construct()
#12 C:/xampp/htdocs/highschool-finance/vendor/laravel/framework/src/Illuminate/Routing/Router.php(887): Illuminate/Routing/Router::toResponse()
#13 C:/xampp/htdocs/highschool-finance/vendor/laravel/framework/src/Illuminate/Routing/Router.php(807): Illuminate/Routing/Router->prepareResponse()
#14 C:/xampp/htdocs/highschool-finance/vendor/laravel/framework/src/Illuminate/Pipeline/Pipeline.php(170): Illuminate/Routing/Router->{closure:Illuminate/Routing/Router::runRouteWithinStack():807}()
#15 C:/xampp/htdocs/highschool-finance/vendor/spatie/laravel-permission/src/Middleware/PermissionMiddleware.php(37): Illuminate/Pipeline/Pipeline->{closure:Illuminate/Pipeline/Pipeline::prepareDestination():168}()
#16 C:/xampp/htdocs/highschool-finance/vendor/laravel/framework/src/Illuminate/Pipeline/Pipeline.php(209): Spatie/Permission/Middleware/PermissionMiddleware->handle()
#17 C:/xampp/htdocs/highschool-finance/vendor/laravel/framework/src/Illuminate/Auth/Middleware/EnsureEmailIsVerified.php(41): Illuminate/Pipeline/Pipeline->{closure:{closure:Illuminate/Pipeline/Pipeline::carry():184}:185}()
#18 C:/xampp/htdocs/highschool-finance/vendor/laravel/framework/src/Illuminate/Pipeline/Pipeline.php(209): Illuminate/Auth/Middleware/EnsureEmailIsVerified->handle()
#19 C:/xampp/htdocs/highschool-finance/vendor/laravel/framework/src/Illuminate/Routing/Middleware/SubstituteBindings.php(51): Illuminate/Pipeline/Pipeline->{closure:{closure:Illuminate/Pipeline/Pipeline::carry():184}:185}()
#20 C:/xampp/htdocs/highschool-finance/vendor/laravel/framework/src/Illuminate/Pipeline/Pipeline.php(209): Illuminate/Routing/Middleware/SubstituteBindings->handle()
#21 C:/xampp/htdocs/highschool-finance/vendor/laravel/framework/src/Illuminate/Auth/Middleware/Authenticate.php(64): Illuminate/Pipeline/Pipeline->{closure:{closure:Illuminate/Pipeline/Pipeline::carry():184}:185}()
#22 C:/xampp/htdocs/highschool-finance/vendor/laravel/framework/src/Illuminate/Pipeline/Pipeline.php(209): Illuminate/Auth/Middleware/Authenticate->handle()
#23 C:/xampp/htdocs/highschool-finance/vendor/laravel/framework/src/Illuminate/Foundation/Http/Middleware/VerifyCsrfToken.php(88): Illuminate/Pipeline/Pipeline->{closure:{closure:Illuminate/Pipeline/Pipeline::carry():184}:185}()
#24 C:/xampp/htdocs/highschool-finance/vendor/laravel/framework/src/Illuminate/Pipeline/Pipeline.php(209): Illuminate/Foundation/Http/Middleware/VerifyCsrfToken->handle()
#25 C:/xampp/htdocs/highschool-finance/vendor/laravel/framework/src/Illuminate/View/Middleware/ShareErrorsFromSession.php(49): Illuminate/Pipeline/Pipeline->{closure:{closure:Illuminate/Pipeline/Pipeline::carry():184}:185}()
#26 C:/xampp/htdocs/highschool-finance/vendor/laravel/framework/src/Illuminate/Pipeline/Pipeline.php(209): Illuminate/View/Middleware/ShareErrorsFromSession->handle()
#27 C:/xampp/htdocs/highschool-finance/vendor/laravel/framework/src/Illuminate/Session/Middleware/StartSession.php(121): Illuminate/Pipeline/Pipeline->{closure:{closure:Illuminate/Pipeline/Pipeline::carry():184}:185}()
#28 C:/xampp/htdocs/highschool-finance/vendor/laravel/framework/src/Illuminate/Session/Middleware/StartSession.php(64): Illuminate/Session/Middleware/StartSession->handleStatefulRequest()
#29 C:/xampp/htdocs/highschool-finance/vendor/laravel/framework/src/Illuminate/Pipeline/Pipeline.php(209): Illuminate/Session/Middleware/StartSession->handle()
#30 C:/xampp/htdocs/highschool-finance/vendor/laravel/framework/src/Illuminate/Cookie/Middleware/AddQueuedCookiesToResponse.php(37): Illuminate/Pipeline/Pipeline->{closure:{closure:Illuminate/Pipeline/Pipeline::carry():184}:185}()
#31 C:/xampp/htdocs/highschool-finance/vendor/laravel/framework/src/Illuminate/Pipeline/Pipeline.php(209): Illuminate/Cookie/Middleware/AddQueuedCookiesToResponse->handle()
#32 C:/xampp/htdocs/highschool-finance/vendor/laravel/framework/src/Illuminate/Cookie/Middleware/EncryptCookies.php(75): Illuminate/Pipeline/Pipeline->{closure:{closure:Illuminate/Pipeline/Pipeline::carry():184}:185}()
#33 C:/xampp/htdocs/highschool-finance/vendor/laravel/framework/src/Illuminate/Pipeline/Pipeline.php(209): Illuminate/Cookie/Middleware/EncryptCookies->handle()
#34 C:/xampp/htdocs/highschool-finance/vendor/laravel/framework/src/Illuminate/Pipeline/Pipeline.php(127): Illuminate/Pipeline/Pipeline->{closure:{closure:Illuminate/Pipeline/Pipeline::carry():184}:185}()
#35 C:/xampp/htdocs/highschool-finance/vendor/laravel/framework/src/Illuminate/Routing/Router.php(807): Illuminate/Pipeline/Pipeline->then()
#36 C:/xampp/htdocs/highschool-finance/vendor/laravel/framework/src/Illuminate/Routing/Router.php(786): Illuminate/Routing/Router->runRouteWithinStack()
#37 C:/xampp/htdocs/highschool-finance/vendor/laravel/framework/src/Illuminate/Routing/Router.php(750): Illuminate/Routing/Router->runRoute()
#38 C:/xampp/htdocs/highschool-finance/vendor/laravel/framework/src/Illuminate/Routing/Router.php(739): Illuminate/Routing/Router->dispatchToRoute()
#39 C:/xampp/htdocs/highschool-finance/vendor/laravel/framework/src/Illuminate/Foundation/Http/Kernel.php(201): Illuminate/Routing/Router->dispatch()
#40 C:/xampp/htdocs/highschool-finance/vendor/laravel/framework/src/Illuminate/Pipeline/Pipeline.php(170): Illuminate/Foundation/Http/Kernel->{closure:Illuminate/Foundation/Http/Kernel::dispatchToRouter():198}()
#41 C:/xampp/htdocs/highschool-finance/vendor/laravel/framework/src/Illuminate/Foundation/Http/Middleware/TransformsRequest.php(21): Illuminate/Pipeline/Pipeline->{closure:Illuminate/Pipeline/Pipeline::prepareDestination():168}()
#42 C:/xampp/htdocs/highschool-finance/vendor/laravel/framework/src/Illuminate/Foundation/Http/Middleware/ConvertEmptyStringsToNull.php(31): Illuminate/Foundation/Http/Middleware/TransformsRequest->handle()
#43 C:/xampp/htdocs/highschool-finance/vendor/laravel/framework/src/Illuminate/Pipeline/Pipeline.php(209): Illuminate/Foundation/Http/Middleware/ConvertEmptyStringsToNull->handle()
#44 C:/xampp/htdocs/highschool-finance/vendor/laravel/framework/src/Illuminate/Foundation/Http/Middleware/TransformsRequest.php(21): Illuminate/Pipeline/Pipeline->{closure:{closure:Illuminate/Pipeline/Pipeline::carry():184}:185}()
#45 C:/xampp/htdocs/highschool-finance/vendor/laravel/framework/src/Illuminate/Foundation/Http/Middleware/TrimStrings.php(51): Illuminate/Foundation/Http/Middleware/TransformsRequest->handle()
#46 C:/xampp/htdocs/highschool-finance/vendor/laravel/framework/src/Illuminate/Pipeline/Pipeline.php(209): Illuminate/Foundation/Http/Middleware/TrimStrings->handle()
#47 C:/xampp/htdocs/highschool-finance/vendor/laravel/framework/src/Illuminate/Http/Middleware/ValidatePostSize.php(27): Illuminate/Pipeline/Pipeline->{closure:{closure:Illuminate/Pipeline/Pipeline::carry():184}:185}()
#48 C:/xampp/htdocs/highschool-finance/vendor/laravel/framework/src/Illuminate/Pipeline/Pipeline.php(209): Illuminate/Http/Middleware/ValidatePostSize->handle()
#49 C:/xampp/htdocs/highschool-finance/vendor/laravel/framework/src/Illuminate/Foundation/Http/Middleware/PreventRequestsDuringMaintenance.php(110): Illuminate/Pipeline/Pipeline->{closure:{closure:Illuminate/Pipeline/Pipeline::carry():184}:185}()
#50 C:/xampp/htdocs/highschool-finance/vendor/laravel/framework/src/Illuminate/Pipeline/Pipeline.php(209): Illuminate/Foundation/Http/Middleware/PreventRequestsDuringMaintenance->handle()
#51 C:/xampp/htdocs/highschool-finance/vendor/laravel/framework/src/Illuminate/Http/Middleware/HandleCors.php(49): Illuminate/Pipeline/Pipeline->{closure:{closure:Illuminate/Pipeline/Pipeline::carry():184}:185}()
#52 C:/xampp/htdocs/highschool-finance/vendor/laravel/framework/src/Illuminate/Pipeline/Pipeline.php(209): Illuminate/Http/Middleware/HandleCors->handle()
#53 C:/xampp/htdocs/highschool-finance/vendor/laravel/framework/src/Illuminate/Http/Middleware/TrustProxies.php(58): Illuminate/Pipeline/Pipeline->{closure:{closure:Illuminate/Pipeline/Pipeline::carry():184}:185}()
#54 C:/xampp/htdocs/highschool-finance/vendor/laravel/framework/src/Illuminate/Pipeline/Pipeline.php(209): Illuminate/Http/Middleware/TrustProxies->handle()
#55 C:/xampp/htdocs/highschool-finance/vendor/laravel/framework/src/Illuminate/Foundation/Http/Middleware/InvokeDeferredCallbacks.php(22): Illuminate/Pipeline/Pipeline->{closure:{closure:Illuminate/Pipeline/Pipeline::carry():184}:185}()
#56 C:/xampp/htdocs/highschool-finance/vendor/laravel/framework/src/Illuminate/Pipeline/Pipeline.php(209): Illuminate/Foundation/Http/Middleware/InvokeDeferredCallbacks->handle()
#57 C:/xampp/htdocs/highschool-finance/vendor/laravel/framework/src/Illuminate/Pipeline/Pipeline.php(127): Illuminate/Pipeline/Pipeline->{closure:{closure:Illuminate/Pipeline/Pipeline::carry():184}:185}()
#58 C:/xampp/htdocs/highschool-finance/vendor/laravel/framework/src/Illuminate/Foundation/Http/Kernel.php(176): Illuminate/Pipeline/Pipeline->then()
#59 C:/xampp/htdocs/highschool-finance/vendor/laravel/framework/src/Illuminate/Foundation/Http/Kernel.php(145): Illuminate/Foundation/Http/Kernel->sendRequestThroughRouter()
#60 C:/xampp/htdocs/highschool-finance/vendor/laravel/framework/src/Illuminate/Foundation/Application.php(1220): Illuminate/Foundation/Http/Kernel->handle()
#61 C:/xampp/htdocs/highschool-finance/public/index.php(17): Illuminate/Foundation/Application->handleRequest()
#62 C:/xampp/htdocs/highschool-finance/vendor/laravel/framework/src/Illuminate/Foundation/resources/server.php(23): require_once('...')
#63 {main}
"} 
[2026-06-02 05:17:06] local.ERROR: Route [finance.invoices] not defined. (View: C:\xampp\htdocs\highschool-finance\resources\views\finance\summary.blade.php) {"userId":1,"exception":"[object] (Illuminate\\View\\ViewException(code: 0): Route [finance.invoices] not defined. (View: C:\\xampp\\htdocs\\highschool-finance\\resources\\views\\finance\\summary.blade.php) at C:/xampp/htdocs/highschool-finance/vendor/laravel/framework/src/Illuminate/Routing/UrlGenerator.php:517)
[stacktrace]
#0 C:/xampp/htdocs/highschool-finance/vendor/laravel/framework/src/Illuminate/View/Engines/PhpEngine.php(60): Illuminate/View/Engines/CompilerEngine->handleViewException()
#1 C:/xampp/htdocs/highschool-finance/vendor/laravel/framework/src/Illuminate/View/Engines/CompilerEngine.php(75): Illuminate/View/Engines/PhpEngine->evaluatePath()
#2 C:/xampp/htdocs/highschool-finance/vendor/laravel/framework/src/Illuminate/View/View.php(209): Illuminate/View/Engines/CompilerEngine->get()
#3 C:/xampp/htdocs/highschool-finance/vendor/laravel/framework/src/Illuminate/View/View.php(192): Illuminate/View/View->getContents()
#4 C:/xampp/htdocs/highschool-finance/vendor/laravel/framework/src/Illuminate/View/View.php(161): Illuminate/View/View->renderContents()
#5 C:/xampp/htdocs/highschool-finance/vendor/laravel/framework/src/Illuminate/Http/Response.php(79): Illuminate/View/View->render()
#6 C:/xampp/htdocs/highschool-finance/vendor/laravel/framework/src/Illuminate/Http/Response.php(35): Illuminate/Http/Response->setContent()
#7 C:/xampp/htdocs/highschool-finance/vendor/laravel/framework/src/Illuminate/Routing/Router.php(920): Illuminate/Http/Response->__construct()
#8 C:/xampp/htdocs/highschool-finance/vendor/laravel/framework/src/Illuminate/Routing/Router.php(887): Illuminate/Routing/Router::toResponse()
#9 C:/xampp/htdocs/highschool-finance/vendor/laravel/framework/src/Illuminate/Routing/Router.php(807): Illuminate/Routing/Router->prepareResponse()
#10 C:/xampp/htdocs/highschool-finance/vendor/laravel/framework/src/Illuminate/Pipeline/Pipeline.php(170): Illuminate/Routing/Router->{closure:Illuminate/Routing/Router::runRouteWithinStack():807}()
#11 C:/xampp/htdocs/highschool-finance/vendor/spatie/laravel-permission/src/Middleware/PermissionMiddleware.php(37): Illuminate/Pipeline/Pipeline->{closure:Illuminate/Pipeline/Pipeline::prepareDestination():168}()
#12 C:/xampp/htdocs/highschool-finance/vendor/laravel/framework/src/Illuminate/Pipeline/Pipeline.php(209): Spatie/Permission/Middleware/PermissionMiddleware->handle()
#13 C:/xampp/htdocs/highschool-finance/vendor/laravel/framework/src/Illuminate/Auth/Middleware/EnsureEmailIsVerified.php(41): Illuminate/Pipeline/Pipeline->{closure:{closure:Illuminate/Pipeline/Pipeline::carry():184}:185}()
#14 C:/xampp/htdocs/highschool-finance/vendor/laravel/framework/src/Illuminate/Pipeline/Pipeline.php(209): Illuminate/Auth/Middleware/EnsureEmailIsVerified->handle()
#15 C:/xampp/htdocs/highschool-finance/vendor/laravel/framework/src/Illuminate/Routing/Middleware/SubstituteBindings.php(51): Illuminate/Pipeline/Pipeline->{closure:{closure:Illuminate/Pipeline/Pipeline::carry():184}:185}()
#16 C:/xampp/htdocs/highschool-finance/vendor/laravel/framework/src/Illuminate/Pipeline/Pipeline.php(209): Illuminate/Routing/Middleware/SubstituteBindings->handle()
#17 C:/xampp/htdocs/highschool-finance/vendor/laravel/framework/src/Illuminate/Auth/Middleware/Authenticate.php(64): Illuminate/Pipeline/Pipeline->{closure:{closure:Illuminate/Pipeline/Pipeline::carry():184}:185}()
#18 C:/xampp/htdocs/highschool-finance/vendor/laravel/framework/src/Illuminate/Pipeline/Pipeline.php(209): Illuminate/Auth/Middleware/Authenticate->handle()
#19 C:/xampp/htdocs/highschool-finance/vendor/laravel/framework/src/Illuminate/Foundation/Http/Middleware/VerifyCsrfToken.php(88): Illuminate/Pipeline/Pipeline->{closure:{closure:Illuminate/Pipeline/Pipeline::carry():184}:185}()
#20 C:/xampp/htdocs/highschool-finance/vendor/laravel/framework/src/Illuminate/Pipeline/Pipeline.php(209): Illuminate/Foundation/Http/Middleware/VerifyCsrfToken->handle()
#21 C:/xampp/htdocs/highschool-finance/vendor/laravel/framework/src/Illuminate/View/Middleware/ShareErrorsFromSession.php(49): Illuminate/Pipeline/Pipeline->{closure:{closure:Illuminate/Pipeline/Pipeline::carry():184}:185}()
#22 C:/xampp/htdocs/highschool-finance/vendor/laravel/framework/src/Illuminate/Pipeline/Pipeline.php(209): Illuminate/View/Middleware/ShareErrorsFromSession->handle()
#23 C:/xampp/htdocs/highschool-finance/vendor/laravel/framework/src/Illuminate/Session/Middleware/StartSession.php(121): Illuminate/Pipeline/Pipeline->{closure:{closure:Illuminate/Pipeline/Pipeline::carry():184}:185}()
#24 C:/xampp/htdocs/highschool-finance/vendor/laravel/framework/src/Illuminate/Session/Middleware/StartSession.php(64): Illuminate/Session/Middleware/StartSession->handleStatefulRequest()
#25 C:/xampp/htdocs/highschool-finance/vendor/laravel/framework/src/Illuminate/Pipeline/Pipeline.php(209): Illuminate/Session/Middleware/StartSession->handle()
#26 C:/xampp/htdocs/highschool-finance/vendor/laravel/framework/src/Illuminate/Cookie/Middleware/AddQueuedCookiesToResponse.php(37): Illuminate/Pipeline/Pipeline->{closure:{closure:Illuminate/Pipeline/Pipeline::carry():184}:185}()
#27 C:/xampp/htdocs/highschool-finance/vendor/laravel/framework/src/Illuminate/Pipeline/Pipeline.php(209): Illuminate/Cookie/Middleware/AddQueuedCookiesToResponse->handle()
#28 C:/xampp/htdocs/highschool-finance/vendor/laravel/framework/src/Illuminate/Cookie/Middleware/EncryptCookies.php(75): Illuminate/Pipeline/Pipeline->{closure:{closure:Illuminate/Pipeline/Pipeline::carry():184}:185}()
#29 C:/xampp/htdocs/highschool-finance/vendor/laravel/framework/src/Illuminate/Pipeline/Pipeline.php(209): Illuminate/Cookie/Middleware/EncryptCookies->handle()
#30 C:/xampp/htdocs/highschool-finance/vendor/laravel/framework/src/Illuminate/Pipeline/Pipeline.php(127): Illuminate/Pipeline/Pipeline->{closure:{closure:Illuminate/Pipeline/Pipeline::carry():184}:185}()
#31 C:/xampp/htdocs/highschool-finance/vendor/laravel/framework/src/Illuminate/Routing/Router.php(807): Illuminate/Pipeline/Pipeline->then()
#32 C:/xampp/htdocs/highschool-finance/vendor/laravel/framework/src/Illuminate/Routing/Router.php(786): Illuminate/Routing/Router->runRouteWithinStack()
#33 C:/xampp/htdocs/highschool-finance/vendor/laravel/framework/src/Illuminate/Routing/Router.php(750): Illuminate/Routing/Router->runRoute()
#34 C:/xampp/htdocs/highschool-finance/vendor/laravel/framework/src/Illuminate/Routing/Router.php(739): Illuminate/Routing/Router->dispatchToRoute()
#35 C:/xampp/htdocs/highschool-finance/vendor/laravel/framework/src/Illuminate/Foundation/Http/Kernel.php(201): Illuminate/Routing/Router->dispatch()
#36 C:/xampp/htdocs/highschool-finance/vendor/laravel/framework/src/Illuminate/Pipeline/Pipeline.php(170): Illuminate/Foundation/Http/Kernel->{closure:Illuminate/Foundation/Http/Kernel::dispatchToRouter():198}()
#37 C:/xampp/htdocs/highschool-finance/vendor/laravel/framework/src/Illuminate/Foundation/Http/Middleware/TransformsRequest.php(21): Illuminate/Pipeline/Pipeline->{closure:Illuminate/Pipeline/Pipeline::prepareDestination():168}()
#38 C:/xampp/htdocs/highschool-finance/vendor/laravel/framework/src/Illuminate/Foundation/Http/Middleware/ConvertEmptyStringsToNull.php(31): Illuminate/Foundation/Http/Middleware/TransformsRequest->handle()
#39 C:/xampp/htdocs/highschool-finance/vendor/laravel/framework/src/Illuminate/Pipeline/Pipeline.php(209): Illuminate/Foundation/Http/Middleware/ConvertEmptyStringsToNull->handle()
#40 C:/xampp/htdocs/highschool-finance/vendor/laravel/framework/src/Illuminate/Foundation/Http/Middleware/TransformsRequest.php(21): Illuminate/Pipeline/Pipeline->{closure:{closure:Illuminate/Pipeline/Pipeline::carry():184}:185}()
#41 C:/xampp/htdocs/highschool-finance/vendor/laravel/framework/src/Illuminate/Foundation/Http/Middleware/TrimStrings.php(51): Illuminate/Foundation/Http/Middleware/TransformsRequest->handle()
#42 C:/xampp/htdocs/highschool-finance/vendor/laravel/framework/src/Illuminate/Pipeline/Pipeline.php(209): Illuminate/Foundation/Http/Middleware/TrimStrings->handle()
#43 C:/xampp/htdocs/highschool-finance/vendor/laravel/framework/src/Illuminate/Http/Middleware/ValidatePostSize.php(27): Illuminate/Pipeline/Pipeline->{closure:{closure:Illuminate/Pipeline/Pipeline::carry():184}:185}()
#44 C:/xampp/htdocs/highschool-finance/vendor/laravel/framework/src/Illuminate/Pipeline/Pipeline.php(209): Illuminate/Http/Middleware/ValidatePostSize->handle()
#45 C:/xampp/htdocs/highschool-finance/vendor/laravel/framework/src/Illuminate/Foundation/Http/Middleware/PreventRequestsDuringMaintenance.php(110): Illuminate/Pipeline/Pipeline->{closure:{closure:Illuminate/Pipeline/Pipeline::carry():184}:185}()
#46 C:/xampp/htdocs/highschool-finance/vendor/laravel/framework/src/Illuminate/Pipeline/Pipeline.php(209): Illuminate/Foundation/Http/Middleware/PreventRequestsDuringMaintenance->handle()
#47 C:/xampp/htdocs/highschool-finance/vendor/laravel/framework/src/Illuminate/Http/Middleware/HandleCors.php(49): Illuminate/Pipeline/Pipeline->{closure:{closure:Illuminate/Pipeline/Pipeline::carry():184}:185}()
#48 C:/xampp/htdocs/highschool-finance/vendor/laravel/framework/src/Illuminate/Pipeline/Pipeline.php(209): Illuminate/Http/Middleware/HandleCors->handle()
#49 C:/xampp/htdocs/highschool-finance/vendor/laravel/framework/src/Illuminate/Http/Middleware/TrustProxies.php(58): Illuminate/Pipeline/Pipeline->{closure:{closure:Illuminate/Pipeline/Pipeline::carry():184}:185}()
#50 C:/xampp/htdocs/highschool-finance/vendor/laravel/framework/src/Illuminate/Pipeline/Pipeline.php(209): Illuminate/Http/Middleware/TrustProxies->handle()
#51 C:/xampp/htdocs/highschool-finance/vendor/laravel/framework/src/Illuminate/Foundation/Http/Middleware/InvokeDeferredCallbacks.php(22): Illuminate/Pipeline/Pipeline->{closure:{closure:Illuminate/Pipeline/Pipeline::carry():184}:185}()
#52 C:/xampp/htdocs/highschool-finance/vendor/laravel/framework/src/Illuminate/Pipeline/Pipeline.php(209): Illuminate/Foundation/Http/Middleware/InvokeDeferredCallbacks->handle()
#53 C:/xampp/htdocs/highschool-finance/vendor/laravel/framework/src/Illuminate/Pipeline/Pipeline.php(127): Illuminate/Pipeline/Pipeline->{closure:{closure:Illuminate/Pipeline/Pipeline::carry():184}:185}()
#54 C:/xampp/htdocs/highschool-finance/vendor/laravel/framework/src/Illuminate/Foundation/Http/Kernel.php(176): Illuminate/Pipeline/Pipeline->then()
#55 C:/xampp/htdocs/highschool-finance/vendor/laravel/framework/src/Illuminate/Foundation/Http/Kernel.php(145): Illuminate/Foundation/Http/Kernel->sendRequestThroughRouter()
#56 C:/xampp/htdocs/highschool-finance/vendor/laravel/framework/src/Illuminate/Foundation/Application.php(1220): Illuminate/Foundation/Http/Kernel->handle()
#57 C:/xampp/htdocs/highschool-finance/public/index.php(17): Illuminate/Foundation/Application->handleRequest()
#58 C:/xampp/htdocs/highschool-finance/vendor/laravel/framework/src/Illuminate/Foundation/resources/server.php(23): require_once('...')
#59 {main}

[previous exception] [object] (Symfony\\Component\\Routing\\Exception\\RouteNotFoundException(code: 0): Route [finance.invoices] not defined. at C:/xampp/htdocs/highschool-finance/vendor/laravel/framework/src/Illuminate/Routing/UrlGenerator.php:517)
[stacktrace]
#0 C:/xampp/htdocs/highschool-finance/vendor/laravel/framework/src/Illuminate/Foundation/helpers.php(853): Illuminate/Routing/UrlGenerator->route()
#1 C:/xampp/htdocs/highschool-finance/storage/framework/views/af855d2550ea827d7f208c000babaae4.php(144): route()
#2 C:/xampp/htdocs/highschool-finance/vendor/laravel/framework/src/Illuminate/Filesystem/Filesystem.php(123): require('...')
#3 C:/xampp/htdocs/highschool-finance/vendor/laravel/framework/src/Illuminate/Filesystem/Filesystem.php(124): Illuminate/Filesystem/Filesystem::{closure:Illuminate/Filesystem/Filesystem::getRequire():120}()
#4 C:/xampp/htdocs/highschool-finance/vendor/laravel/framework/src/Illuminate/View/Engines/PhpEngine.php(58): Illuminate/Filesystem/Filesystem->getRequire()
#5 C:/xampp/htdocs/highschool-finance/vendor/laravel/framework/src/Illuminate/View/Engines/CompilerEngine.php(75): Illuminate/View/Engines/PhpEngine->evaluatePath()
#6 C:/xampp/htdocs/highschool-finance/vendor/laravel/framework/src/Illuminate/View/View.php(209): Illuminate/View/Engines/CompilerEngine->get()
#7 C:/xampp/htdocs/highschool-finance/vendor/laravel/framework/src/Illuminate/View/View.php(192): Illuminate/View/View->getContents()
#8 C:/xampp/htdocs/highschool-finance/vendor/laravel/framework/src/Illuminate/View/View.php(161): Illuminate/View/View->renderContents()
#9 C:/xampp/htdocs/highschool-finance/vendor/laravel/framework/src/Illuminate/Http/Response.php(79): Illuminate/View/View->render()
#10 C:/xampp/htdocs/highschool-finance/vendor/laravel/framework/src/Illuminate/Http/Response.php(35): Illuminate/Http/Response->setContent()
#11 C:/xampp/htdocs/highschool-finance/vendor/laravel/framework/src/Illuminate/Routing/Router.php(920): Illuminate/Http/Response->__construct()
#12 C:/xampp/htdocs/highschool-finance/vendor/laravel/framework/src/Illuminate/Routing/Router.php(887): Illuminate/Routing/Router::toResponse()
#13 C:/xampp/htdocs/highschool-finance/vendor/laravel/framework/src/Illuminate/Routing/Router.php(807): Illuminate/Routing/Router->prepareResponse()
#14 C:/xampp/htdocs/highschool-finance/vendor/laravel/framework/src/Illuminate/Pipeline/Pipeline.php(170): Illuminate/Routing/Router->{closure:Illuminate/Routing/Router::runRouteWithinStack():807}()
#15 C:/xampp/htdocs/highschool-finance/vendor/spatie/laravel-permission/src/Middleware/PermissionMiddleware.php(37): Illuminate/Pipeline/Pipeline->{closure:Illuminate/Pipeline/Pipeline::prepareDestination():168}()
#16 C:/xampp/htdocs/highschool-finance/vendor/laravel/framework/src/Illuminate/Pipeline/Pipeline.php(209): Spatie/Permission/Middleware/PermissionMiddleware->handle()
#17 C:/xampp/htdocs/highschool-finance/vendor/laravel/framework/src/Illuminate/Auth/Middleware/EnsureEmailIsVerified.php(41): Illuminate/Pipeline/Pipeline->{closure:{closure:Illuminate/Pipeline/Pipeline::carry():184}:185}()
#18 C:/xampp/htdocs/highschool-finance/vendor/laravel/framework/src/Illuminate/Pipeline/Pipeline.php(209): Illuminate/Auth/Middleware/EnsureEmailIsVerified->handle()
#19 C:/xampp/htdocs/highschool-finance/vendor/laravel/framework/src/Illuminate/Routing/Middleware/SubstituteBindings.php(51): Illuminate/Pipeline/Pipeline->{closure:{closure:Illuminate/Pipeline/Pipeline::carry():184}:185}()
#20 C:/xampp/htdocs/highschool-finance/vendor/laravel/framework/src/Illuminate/Pipeline/Pipeline.php(209): Illuminate/Routing/Middleware/SubstituteBindings->handle()
#21 C:/xampp/htdocs/highschool-finance/vendor/laravel/framework/src/Illuminate/Auth/Middleware/Authenticate.php(64): Illuminate/Pipeline/Pipeline->{closure:{closure:Illuminate/Pipeline/Pipeline::carry():184}:185}()
#22 C:/xampp/htdocs/highschool-finance/vendor/laravel/framework/src/Illuminate/Pipeline/Pipeline.php(209): Illuminate/Auth/Middleware/Authenticate->handle()
#23 C:/xampp/htdocs/highschool-finance/vendor/laravel/framework/src/Illuminate/Foundation/Http/Middleware/VerifyCsrfToken.php(88): Illuminate/Pipeline/Pipeline->{closure:{closure:Illuminate/Pipeline/Pipeline::carry():184}:185}()
#24 C:/xampp/htdocs/highschool-finance/vendor/laravel/framework/src/Illuminate/Pipeline/Pipeline.php(209): Illuminate/Foundation/Http/Middleware/VerifyCsrfToken->handle()
#25 C:/xampp/htdocs/highschool-finance/vendor/laravel/framework/src/Illuminate/View/Middleware/ShareErrorsFromSession.php(49): Illuminate/Pipeline/Pipeline->{closure:{closure:Illuminate/Pipeline/Pipeline::carry():184}:185}()
#26 C:/xampp/htdocs/highschool-finance/vendor/laravel/framework/src/Illuminate/Pipeline/Pipeline.php(209): Illuminate/View/Middleware/ShareErrorsFromSession->handle()
#27 C:/xampp/htdocs/highschool-finance/vendor/laravel/framework/src/Illuminate/Session/Middleware/StartSession.php(121): Illuminate/Pipeline/Pipeline->{closure:{closure:Illuminate/Pipeline/Pipeline::carry():184}:185}()
#28 C:/xampp/htdocs/highschool-finance/vendor/laravel/framework/src/Illuminate/Session/Middleware/StartSession.php(64): Illuminate/Session/Middleware/StartSession->handleStatefulRequest()
#29 C:/xampp/htdocs/highschool-finance/vendor/laravel/framework/src/Illuminate/Pipeline/Pipeline.php(209): Illuminate/Session/Middleware/StartSession->handle()
#30 C:/xampp/htdocs/highschool-finance/vendor/laravel/framework/src/Illuminate/Cookie/Middleware/AddQueuedCookiesToResponse.php(37): Illuminate/Pipeline/Pipeline->{closure:{closure:Illuminate/Pipeline/Pipeline::carry():184}:185}()
#31 C:/xampp/htdocs/highschool-finance/vendor/laravel/framework/src/Illuminate/Pipeline/Pipeline.php(209): Illuminate/Cookie/Middleware/AddQueuedCookiesToResponse->handle()
#32 C:/xampp/htdocs/highschool-finance/vendor/laravel/framework/src/Illuminate/Cookie/Middleware/EncryptCookies.php(75): Illuminate/Pipeline/Pipeline->{closure:{closure:Illuminate/Pipeline/Pipeline::carry():184}:185}()
#33 C:/xampp/htdocs/highschool-finance/vendor/laravel/framework/src/Illuminate/Pipeline/Pipeline.php(209): Illuminate/Cookie/Middleware/EncryptCookies->handle()
#34 C:/xampp/htdocs/highschool-finance/vendor/laravel/framework/src/Illuminate/Pipeline/Pipeline.php(127): Illuminate/Pipeline/Pipeline->{closure:{closure:Illuminate/Pipeline/Pipeline::carry():184}:185}()
#35 C:/xampp/htdocs/highschool-finance/vendor/laravel/framework/src/Illuminate/Routing/Router.php(807): Illuminate/Pipeline/Pipeline->then()
#36 C:/xampp/htdocs/highschool-finance/vendor/laravel/framework/src/Illuminate/Routing/Router.php(786): Illuminate/Routing/Router->runRouteWithinStack()
#37 C:/xampp/htdocs/highschool-finance/vendor/laravel/framework/src/Illuminate/Routing/Router.php(750): Illuminate/Routing/Router->runRoute()
#38 C:/xampp/htdocs/highschool-finance/vendor/laravel/framework/src/Illuminate/Routing/Router.php(739): Illuminate/Routing/Router->dispatchToRoute()
#39 C:/xampp/htdocs/highschool-finance/vendor/laravel/framework/src/Illuminate/Foundation/Http/Kernel.php(201): Illuminate/Routing/Router->dispatch()
#40 C:/xampp/htdocs/highschool-finance/vendor/laravel/framework/src/Illuminate/Pipeline/Pipeline.php(170): Illuminate/Foundation/Http/Kernel->{closure:Illuminate/Foundation/Http/Kernel::dispatchToRouter():198}()
#41 C:/xampp/htdocs/highschool-finance/vendor/laravel/framework/src/Illuminate/Foundation/Http/Middleware/TransformsRequest.php(21): Illuminate/Pipeline/Pipeline->{closure:Illuminate/Pipeline/Pipeline::prepareDestination():168}()
#42 C:/xampp/htdocs/highschool-finance/vendor/laravel/framework/src/Illuminate/Foundation/Http/Middleware/ConvertEmptyStringsToNull.php(31): Illuminate/Foundation/Http/Middleware/TransformsRequest->handle()
#43 C:/xampp/htdocs/highschool-finance/vendor/laravel/framework/src/Illuminate/Pipeline/Pipeline.php(209): Illuminate/Foundation/Http/Middleware/ConvertEmptyStringsToNull->handle()
#44 C:/xampp/htdocs/highschool-finance/vendor/laravel/framework/src/Illuminate/Foundation/Http/Middleware/TransformsRequest.php(21): Illuminate/Pipeline/Pipeline->{closure:{closure:Illuminate/Pipeline/Pipeline::carry():184}:185}()
#45 C:/xampp/htdocs/highschool-finance/vendor/laravel/framework/src/Illuminate/Foundation/Http/Middleware/TrimStrings.php(51): Illuminate/Foundation/Http/Middleware/TransformsRequest->handle()
#46 C:/xampp/htdocs/highschool-finance/vendor/laravel/framework/src/Illuminate/Pipeline/Pipeline.php(209): Illuminate/Foundation/Http/Middleware/TrimStrings->handle()
#47 C:/xampp/htdocs/highschool-finance/vendor/laravel/framework/src/Illuminate/Http/Middleware/ValidatePostSize.php(27): Illuminate/Pipeline/Pipeline->{closure:{closure:Illuminate/Pipeline/Pipeline::carry():184}:185}()
#48 C:/xampp/htdocs/highschool-finance/vendor/laravel/framework/src/Illuminate/Pipeline/Pipeline.php(209): Illuminate/Http/Middleware/ValidatePostSize->handle()
#49 C:/xampp/htdocs/highschool-finance/vendor/laravel/framework/src/Illuminate/Foundation/Http/Middleware/PreventRequestsDuringMaintenance.php(110): Illuminate/Pipeline/Pipeline->{closure:{closure:Illuminate/Pipeline/Pipeline::carry():184}:185}()
#50 C:/xampp/htdocs/highschool-finance/vendor/laravel/framework/src/Illuminate/Pipeline/Pipeline.php(209): Illuminate/Foundation/Http/Middleware/PreventRequestsDuringMaintenance->handle()
#51 C:/xampp/htdocs/highschool-finance/vendor/laravel/framework/src/Illuminate/Http/Middleware/HandleCors.php(49): Illuminate/Pipeline/Pipeline->{closure:{closure:Illuminate/Pipeline/Pipeline::carry():184}:185}()
#52 C:/xampp/htdocs/highschool-finance/vendor/laravel/framework/src/Illuminate/Pipeline/Pipeline.php(209): Illuminate/Http/Middleware/HandleCors->handle()
#53 C:/xampp/htdocs/highschool-finance/vendor/laravel/framework/src/Illuminate/Http/Middleware/TrustProxies.php(58): Illuminate/Pipeline/Pipeline->{closure:{closure:Illuminate/Pipeline/Pipeline::carry():184}:185}()
#54 C:/xampp/htdocs/highschool-finance/vendor/laravel/framework/src/Illuminate/Pipeline/Pipeline.php(209): Illuminate/Http/Middleware/TrustProxies->handle()
#55 C:/xampp/htdocs/highschool-finance/vendor/laravel/framework/src/Illuminate/Foundation/Http/Middleware/InvokeDeferredCallbacks.php(22): Illuminate/Pipeline/Pipeline->{closure:{closure:Illuminate/Pipeline/Pipeline::carry():184}:185}()
#56 C:/xampp/htdocs/highschool-finance/vendor/laravel/framework/src/Illuminate/Pipeline/Pipeline.php(209): Illuminate/Foundation/Http/Middleware/InvokeDeferredCallbacks->handle()
#57 C:/xampp/htdocs/highschool-finance/vendor/laravel/framework/src/Illuminate/Pipeline/Pipeline.php(127): Illuminate/Pipeline/Pipeline->{closure:{closure:Illuminate/Pipeline/Pipeline::carry():184}:185}()
#58 C:/xampp/htdocs/highschool-finance/vendor/laravel/framework/src/Illuminate/Foundation/Http/Kernel.php(176): Illuminate/Pipeline/Pipeline->then()
#59 C:/xampp/htdocs/highschool-finance/vendor/laravel/framework/src/Illuminate/Foundation/Http/Kernel.php(145): Illuminate/Foundation/Http/Kernel->sendRequestThroughRouter()
#60 C:/xampp/htdocs/highschool-finance/vendor/laravel/framework/src/Illuminate/Foundation/Application.php(1220): Illuminate/Foundation/Http/Kernel->handle()
#61 C:/xampp/htdocs/highschool-finance/public/index.php(17): Illuminate/Foundation/Application->handleRequest()
#62 C:/xampp/htdocs/highschool-finance/vendor/laravel/framework/src/Illuminate/Foundation/resources/server.php(23): require_once('...')
#63 {main}
"} 
[2026-06-02 05:27:30] local.ERROR: Backup failed {"error":"Too few arguments to function Spatie\\DbDumper\\DbDumper::excludeTables(), 0 passed in C:\\xampp\\htdocs\\highschool-finance\\vendor\\spatie\\laravel-backup\\src\\Tasks\\Backup\\DbDumperFactory.php on line 125 and exactly 1 expected"} 
